Language,Area,Lexifier,FirstMajorSettlement,EndOfInfluence,ContactConditions,LanguageContact,Class,Position,LexifierPhoneme,CreolePhoneme,PlaceStability,MannerStability,Word,Gloss,Source
Principense,Gulf of Guinea,Portuguese,1499,1975,Slavery,Edo,Stops,word-initial,p,p,1,1,[ˈpɛnɛ],feather,Maurer2009[232]
Principense,Gulf of Guinea,Portuguese,1499,1975,Slavery,Edo,Stops,word-medial,p,p,1,1,[t̠ʃipa],guts,Maurer2009[238]
Principense,Gulf of Guinea,Portuguese,1499,1975,Slavery,Edo,Stops,word-initial,b,b,1,1,[bwɛga],belly,Maurer2009[216]
Principense,Gulf of Guinea,Portuguese,1499,1975,Slavery,Edo,Stops,word-medial,b,b,1,1,[kaˈbɛlu],hair,Maurer2009[221]
Principense,Gulf of Guinea,Portuguese,1499,1975,Slavery,Edo,Stops,word-initial,t,t,1,1,[ˈtudu],everything,Maurer2009[237]
Principense,Gulf of Guinea,Portuguese,1499,1975,Slavery,Edo,Stops,word-medial,t,t,1,1,[mata],to kill,Maurer2009[227]
Principense,Gulf of Guinea,Portuguese,1499,1975,Slavery,Edo,Stops,word-initial,d,d,1,1,[ˈdɔʃi],sweet,Maurer2009[217]
Principense,Gulf of Guinea,Portuguese,1499,1975,Slavery,Edo,Stops,word-medial,d,d,1,1,[ˈtudu],everything,Maurer2009[237]
Principense,Gulf of Guinea,Portuguese,1499,1975,Slavery,Edo,Stops,word-initial,k,k,1,1,[kaˈbɛlu],hair,Maurer2009[221]
Principense,Gulf of Guinea,Portuguese,1499,1975,Slavery,Edo,Stops,word-medial,k,k,1,1,[ˈsɛku],dry,Maurer2009[235]
Principense,Gulf of Guinea,Portuguese,1499,1975,Slavery,Edo,Stops,word-initial,g,g,1,1,[ˈgodo],fat,Maurer2009[220]
Principense,Gulf of Guinea,Portuguese,1499,1975,Slavery,Edo,Stops,word-medial,g,g,1,1,[bwɛga],belly,Maurer2009[216]
Principense,Gulf of Guinea,Portuguese,1499,1975,Slavery,Edo,Fricatives,word-initial,v,v,1,1,[ˈvɛ],old,Maurer2009[241]
Principense,Gulf of Guinea,Portuguese,1499,1975,Slavery,Edo,Fricatives,word-medial,v,v,1,1,[ˈlava],to wash,Maurer2009[226]
Principense,Gulf of Guinea,Portuguese,1499,1975,Slavery,Edo,Fricatives,word-initial,f,f,1,1,[uˈfogo],fire,Maurer2009[239]
Principense,Gulf of Guinea,Portuguese,1499,1975,Slavery,Edo,Fricatives,word-medial,f,f,1,1,[muˈfada],pillow,Maurer2009[229]
Principense,Gulf of Guinea,Portuguese,1499,1975,Slavery,Edo,Fricatives,word-initial,s,s,1,1,[ˈsuzu],dirty,Maurer2009[236]
Principense,Gulf of Guinea,Portuguese,1499,1975,Slavery,Edo,Fricatives,word-medial,s,s,1,1,[pasu],bird,Maurer2009[221]
Principense,Gulf of Guinea,Portuguese,1499,1975,Slavery,Edo,Fricatives,word-initial,z,z,1,1,[ˈzɔna],zone,Maurer2009[243]
Principense,Gulf of Guinea,Portuguese,1499,1975,Slavery,Edo,Fricatives,word-medial,z,z,1,1,[aza],wing,Maurer2009[214]
Principense,Gulf of Guinea,Portuguese,1499,1975,Slavery,Edo,Fricatives,word-initial,t̠ʃ,s,0,0,[ˈsɛra],to smell,Maurer2009[235]
Principense,Gulf of Guinea,Portuguese,1499,1975,Slavery,Edo,Fricatives,word-medial,t̠ʃ,s,0,0,[ˈbisu],animal,Maurer2009[215]
Principense,Gulf of Guinea,Portuguese,1499,1975,Slavery,Edo,Fricatives,word-initial,ʒ,z,0,1,[zũtu],next to,Maurer2009[244]
Principense,Gulf of Guinea,Portuguese,1499,1975,Slavery,Edo,Fricatives,word-medial,ʒ,z,0,1,[ˈsuzu],dirty,Maurer2009[236]
Principense,Gulf of Guinea,Portuguese,1499,1975,Slavery,Edo,Rhotics,word-medial,ɾ,r,1,1,[ˈsɛra],to smell,Maurer2009[235]
Principense,Gulf of Guinea,Portuguese,1499,1975,Slavery,Edo,Rhotics,word-final,ɾ,∅,0,0,[ˈmjɛ],woman,Maurer2009[229]
Principense,Gulf of Guinea,Portuguese,1499,1975,Slavery,Edo,Rhotics,word-initial,r,r,1,1,[urabu],tail,Maurer2009[240]
Principense,Gulf of Guinea,Portuguese,1499,1975,Slavery,Edo,Rhotics,word-medial,r,∅,0,0,[bwɛga],belly,Maurer2009[216]
Principense,Gulf of Guinea,Portuguese,1499,1975,Slavery,Edo,Laterals,word-initial,l,l,1,1,[ˈlava],to wash,Maurer2009[226]
Principense,Gulf of Guinea,Portuguese,1499,1975,Slavery,Edo,Laterals,word-medial,l,l,1,1,[kaˈbɛlu],hair,Maurer2009[221]
Principense,Gulf of Guinea,Portuguese,1499,1975,Slavery,Edo,Laterals,word-final,l,l,1,1,[usɔlu],sun,Maurer2009[240]
Principense,Gulf of Guinea,Portuguese,1499,1975,Slavery,Edo,Laterals,word-medial,ʎ,∅,0,0,[ˈmjɛ],woman,Maurer2009[229]
Principense,Gulf of Guinea,Portuguese,1499,1975,Slavery,Edo,Nasals,word-initial,m,m,1,1,[ˈmjɛ],woman,Maurer2009[229]
Principense,Gulf of Guinea,Portuguese,1499,1975,Slavery,Edo,Nasals,word-medial,m,m,1,1,[ˈnɔmi],name,Maurer2009[230]
Principense,Gulf of Guinea,Portuguese,1499,1975,Slavery,Edo,Nasals,word-initial,n,n,1,1,[ˈnɔmi],name,Maurer2009[230]
Principense,Gulf of Guinea,Portuguese,1499,1975,Slavery,Edo,Nasals,word-medial,n,n,1,1,[ˈpɛnɛ],feather,Maurer2009[232]
Principense,Gulf of Guinea,Portuguese,1499,1975,Slavery,Edo,Nasals,word-medial,ɲ,n,0,1,[kumin],road,Maurer2009[224]
Santome,Gulf of Guinea,Portuguese,1493,1975,Slavery,"Edo, Kikongo",Stops,word-initial,p,p,1,1,[ˈpɛna],feather,AraujoHagemeijer2013[74]
Santome,Gulf of Guinea,Portuguese,1493,1975,Slavery,"Edo, Kikongo",Stops,word-medial,p,p,1,1,[tlipa],guts,AraujoHagemeijer2013[87]
Santome,Gulf of Guinea,Portuguese,1493,1975,Slavery,"Edo, Kikongo",Stops,word-initial,b,b,1,1,[bɛga],belly,AraujoHagemeijer2013[28]
Santome,Gulf of Guinea,Portuguese,1493,1975,Slavery,"Edo, Kikongo",Stops,word-medial,b,b,1,1,[kaˈbelu],hair,AraujoHagemeijer2013[48]
Santome,Gulf of Guinea,Portuguese,1493,1975,Slavery,"Edo, Kikongo",Stops,word-initial,t,t,1,1,[ˈtudu],everything,AraujoHagemeijer2013[87]
Santome,Gulf of Guinea,Portuguese,1493,1975,Slavery,"Edo, Kikongo",Stops,word-medial,t,t,1,1,[mata],to kill,AraujoHagemeijer2013[64]
Santome,Gulf of Guinea,Portuguese,1493,1975,Slavery,"Edo, Kikongo",Stops,word-initial,d,d,1,1,[ˈdɔʃi],sweet,AraujoHagemeijer2013[34]
Santome,Gulf of Guinea,Portuguese,1493,1975,Slavery,"Edo, Kikongo",Stops,word-medial,d,d,1,1,[ˈtudu],everything,AraujoHagemeijer2013[87]
Santome,Gulf of Guinea,Portuguese,1493,1975,Slavery,"Edo, Kikongo",Stops,word-initial,k,k,1,1,[kaˈbelu],hair,AraujoHagemeijer2013[48]
Santome,Gulf of Guinea,Portuguese,1493,1975,Slavery,"Edo, Kikongo",Stops,word-medial,k,k,1,1,[ˈsɛku],dry,AraujoHagemeijer2013[82]
Santome,Gulf of Guinea,Portuguese,1493,1975,Slavery,"Edo, Kikongo",Stops,word-initial,g,g,1,1,[ˈgodo],fat,AraujoHagemeijer2013[134]
Santome,Gulf of Guinea,Portuguese,1493,1975,Slavery,"Edo, Kikongo",Stops,word-medial,g,g,1,1,[bɛga],belly,AraujoHagemeijer2013[28]
Santome,Gulf of Guinea,Portuguese,1493,1975,Slavery,"Edo, Kikongo",Fricatives,word-initial,v,v,1,1,[ˈvɛ],old,AraujoHagemeijer2013[90]
Santome,Gulf of Guinea,Portuguese,1493,1975,Slavery,"Edo, Kikongo",Fricatives,word-medial,v,b,0,0,[laˈba],to wash,AraujoHagemeijer2013[57]
Santome,Gulf of Guinea,Portuguese,1493,1975,Slavery,"Edo, Kikongo",Fricatives,word-initial,f,f,1,1,[ˈfogo],fire,AraujoHagemeijer2013[40]
Santome,Gulf of Guinea,Portuguese,1493,1975,Slavery,"Edo, Kikongo",Fricatives,word-medial,f,f,1,1,[muˈfada],pillow,AraujoHagemeijer2013[67]
Santome,Gulf of Guinea,Portuguese,1493,1975,Slavery,"Edo, Kikongo",Fricatives,word-initial,s,s,1,1,[ˈsuzu],dirty,AraujoHagemeijer2013[84]
Santome,Gulf of Guinea,Portuguese,1493,1975,Slavery,"Edo, Kikongo",Fricatives,word-medial,s,s,1,1,[ˈglɔsu],thick,AraujoHagemeijer2013[44]
Santome,Gulf of Guinea,Portuguese,1493,1975,Slavery,"Edo, Kikongo",Fricatives,word-initial,z,z,1,1,[ˈzɔna],zone,AraujoHagemeijer2013[97]
Santome,Gulf of Guinea,Portuguese,1493,1975,Slavery,"Edo, Kikongo",Fricatives,word-medial,z,z,1,1,[aza],wing,AraujoHagemeijer2013[25]
Santome,Gulf of Guinea,Portuguese,1493,1975,Slavery,"Edo, Kikongo",Fricatives,word-initial,t̠ʃ,s,0,0,[sɛˈla],to smell,AraujoHagemeijer2013[82]
Santome,Gulf of Guinea,Portuguese,1493,1975,Slavery,"Edo, Kikongo",Fricatives,word-medial,t̠ʃ,s,0,0,[ˈbisu],animal,AraujoHagemeijer2013[29]
Santome,Gulf of Guinea,Portuguese,1493,1975,Slavery,"Edo, Kikongo",Fricatives,word-initial,ʒ,z,0,1,[zũtu],next to,AraujoHagemeijer2013[98]
Santome,Gulf of Guinea,Portuguese,1493,1975,Slavery,"Edo, Kikongo",Fricatives,word-medial,ʒ,z,0,1,[ˈsuzu],dirty,AraujoHagemeijer2013[84]
Santome,Gulf of Guinea,Portuguese,1493,1975,Slavery,"Edo, Kikongo",Rhotics,word-medial,ɾ,l,1,0,[sɛˈla],to smell,AraujoHagemeijer2013[82]
Santome,Gulf of Guinea,Portuguese,1493,1975,Slavery,"Edo, Kikongo",Rhotics,word-final,ɾ,∅,0,0,[ˈmwala],woman,AraujoHagemeijer2013[66]
Santome,Gulf of Guinea,Portuguese,1493,1975,Slavery,"Edo, Kikongo",Rhotics,word-initial,r,l,1,0,[labu],tail,AraujoHagemeijer2013[57]
Santome,Gulf of Guinea,Portuguese,1493,1975,Slavery,"Edo, Kikongo",Rhotics,word-medial,r,∅,0,0,[bɛga],belly,AraujoHagemeijer2013[28]
Santome,Gulf of Guinea,Portuguese,1493,1975,Slavery,"Edo, Kikongo",Laterals,word-initial,l,l,1,1,[laˈba],to wash,AraujoHagemeijer2013[57]
Santome,Gulf of Guinea,Portuguese,1493,1975,Slavery,"Edo, Kikongo",Laterals,word-medial,l,l,1,1,[kaˈbelu],hair,AraujoHagemeijer2013[48]
Santome,Gulf of Guinea,Portuguese,1493,1975,Slavery,"Edo, Kikongo",Laterals,word-final,l,l,1,1,[sɔlɔ],sun,AraujoHagemeijer2013[83]
Santome,Gulf of Guinea,Portuguese,1493,1975,Slavery,"Edo, Kikongo",Laterals,word-medial,ʎ,l,0,1,[ˈmwala],woman,AraujoHagemeijer2013[66]
Santome,Gulf of Guinea,Portuguese,1493,1975,Slavery,"Edo, Kikongo",Nasals,word-initial,m,m,1,1,[ˈmwala],woman,AraujoHagemeijer2013[66]
Santome,Gulf of Guinea,Portuguese,1493,1975,Slavery,"Edo, Kikongo",Nasals,word-medial,m,m,1,1,[ˈnɔmi],name,AraujoHagemeijer2013[70]
Santome,Gulf of Guinea,Portuguese,1493,1975,Slavery,"Edo, Kikongo",Nasals,word-initial,n,n,1,1,[ˈnɔmi],name,AraujoHagemeijer2013[70]
Santome,Gulf of Guinea,Portuguese,1493,1975,Slavery,"Edo, Kikongo",Nasals,word-medial,n,n,1,1,[ˈpɛna],feather,AraujoHagemeijer2013[74]
Santome,Gulf of Guinea,Portuguese,1493,1975,Slavery,"Edo, Kikongo",Nasals,word-medial,ɲ,Ø,0,0,[kaˈmja],road,AraujoHagemeijer2013[48]
Fa d'Ambô,Gulf of Guinea,Portuguese,1543,1968,Slavery,"Edo, Kikongo",Stops,word-initial,p,p,1,1,[povu],people,HagemeijerMaurerZamora2020[319]
Fa d'Ambô,Gulf of Guinea,Portuguese,1543,1968,Slavery,"Edo, Kikongo",Stops,word-medial,p,p,1,1,[t̠ʃiːpa],guts,HagemeijerMaurerZamora2020[321]
Fa d'Ambô,Gulf of Guinea,Portuguese,1543,1968,Slavery,"Edo, Kikongo",Stops,word-initial,b,b,1,1,[bɛga],belly,Hagemeijer2019[772]
Fa d'Ambô,Gulf of Guinea,Portuguese,1543,1968,Slavery,"Edo, Kikongo",Stops,word-medial,b,b,1,1,[kʰabɛ],hair,HagemeijerMaurerZamora2020[313]
Fa d'Ambô,Gulf of Guinea,Portuguese,1543,1968,Slavery,"Edo, Kikongo",Stops,word-initial,t,t,1,1,[tudu],everything,HagemeijerMaurerZamora2020[321]
Fa d'Ambô,Gulf of Guinea,Portuguese,1543,1968,Slavery,"Edo, Kikongo",Stops,word-medial,t,t,1,1,[mata],to kill,HagemeijerMaurerZamora2020[315]
Fa d'Ambô,Gulf of Guinea,Portuguese,1543,1968,Slavery,"Edo, Kikongo",Stops,word-initial,d,d,1,1,[deve],to owe,Hagemeijer2019[768]
Fa d'Ambô,Gulf of Guinea,Portuguese,1543,1968,Slavery,"Edo, Kikongo",Stops,word-medial,d,d,1,1,[ˈtudu],everything,HagemeijerMaurerZamora2020[321]
Fa d'Ambô,Gulf of Guinea,Portuguese,1543,1968,Slavery,"Edo, Kikongo",Stops,word-initial,k,kʰ,1,0,[kʰabɛ],hair,HagemeijerMaurerZamora2020[313]
Fa d'Ambô,Gulf of Guinea,Portuguese,1543,1968,Slavery,"Edo, Kikongo",Stops,word-medial,k,kʰ,1,0,[sakʰa],dry,HagemeijerMaurerZamora2020[319]
Fa d'Ambô,Gulf of Guinea,Portuguese,1543,1968,Slavery,"Edo, Kikongo",Stops,word-initial,g,g,1,1,[goːsu],fat,HagemeijerMaurerZamora2020[311]
Fa d'Ambô,Gulf of Guinea,Portuguese,1543,1968,Slavery,"Edo, Kikongo",Stops,word-medial,g,g,1,1,[bɛga],belly,Hagemeijer2019[772]
Fa d'Ambô,Gulf of Guinea,Portuguese,1543,1968,Slavery,"Edo, Kikongo",Fricatives,word-initial,v,v,1,1,[ˈvɛ],old,Hagemeijer2019[768]
Fa d'Ambô,Gulf of Guinea,Portuguese,1543,1968,Slavery,"Edo, Kikongo",Fricatives,word-medial,v,b,0,0,[laba],to wash,Hagemeijer2019[772]
Fa d'Ambô,Gulf of Guinea,Portuguese,1543,1968,Slavery,"Edo, Kikongo",Fricatives,word-initial,f,f,1,1,[fiju],cold,HagemeijerMaurerZamora2020[310]
Fa d'Ambô,Gulf of Guinea,Portuguese,1543,1968,Slavery,"Edo, Kikongo",Fricatives,word-medial,f,NA,NA,NA,NA,NA,NA
Fa d'Ambô,Gulf of Guinea,Portuguese,1543,1968,Slavery,"Edo, Kikongo",Fricatives,word-initial,s,s,1,1,[sũzu],dirty,HagemeijerMaurerZamora2020[320]
Fa d'Ambô,Gulf of Guinea,Portuguese,1543,1968,Slavery,"Edo, Kikongo",Fricatives,word-medial,s,t,1,0,[paːtu],bird,HagemeijerMaurerZamora2020[318]
Fa d'Ambô,Gulf of Guinea,Portuguese,1543,1968,Slavery,"Edo, Kikongo",Fricatives,word-initial,z,NA,NA,NA,NA,NA,NA
Fa d'Ambô,Gulf of Guinea,Portuguese,1543,1968,Slavery,"Edo, Kikongo",Fricatives,word-medial,z,z,1,1,[aza],wing,HagemeijerMaurerZamora2020[308]
Fa d'Ambô,Gulf of Guinea,Portuguese,1543,1968,Slavery,"Edo, Kikongo",Fricatives,word-initial,t̠ʃ,s,0,0,[sela],to smell,HagemeijerMaurerZamora2020[320]
Fa d'Ambô,Gulf of Guinea,Portuguese,1543,1968,Slavery,"Edo, Kikongo",Fricatives,word-medial,t̠ʃ,s,0,0,[basu],lower part,HagemeijerMaurerZamora2020[308]
Fa d'Ambô,Gulf of Guinea,Portuguese,1543,1968,Slavery,"Edo, Kikongo",Fricatives,word-initial,ʒ,z,0,1,[zũta],next to,HagemeijerMaurerZamora2020[323]
Fa d'Ambô,Gulf of Guinea,Portuguese,1543,1968,Slavery,"Edo, Kikongo",Fricatives,word-medial,ʒ,z,0,1,[sũzu],dirty,HagemeijerMaurerZamora2020[320]
Fa d'Ambô,Gulf of Guinea,Portuguese,1543,1968,Slavery,"Edo, Kikongo",Rhotics,word-medial,ɾ,l,1,0,[sela],to smell,HagemeijerMaurerZamora2020[320]
Fa d'Ambô,Gulf of Guinea,Portuguese,1543,1968,Slavery,"Edo, Kikongo",Rhotics,word-final,ɾ,∅,0,0,[miɛ],woman,HagemeijerMaurerZamora2020[316]
Fa d'Ambô,Gulf of Guinea,Portuguese,1543,1968,Slavery,"Edo, Kikongo",Rhotics,word-initial,r,l,1,0,[labu],tail,Hagemeijer2019[772]
Fa d'Ambô,Gulf of Guinea,Portuguese,1543,1968,Slavery,"Edo, Kikongo",Rhotics,word-medial,r,∅,0,0,[bɛga],belly,Hagemeijer2019[772]
Fa d'Ambô,Gulf of Guinea,Portuguese,1543,1968,Slavery,"Edo, Kikongo",Laterals,word-initial,l,l,1,1,[laba],to wash,Hagemeijer2019[772]
Fa d'Ambô,Gulf of Guinea,Portuguese,1543,1968,Slavery,"Edo, Kikongo",Laterals,word-medial,l,Ø,0,0,[kʰabɛ],hair,HagemeijerMaurerZamora2020[313]
Fa d'Ambô,Gulf of Guinea,Portuguese,1543,1968,Slavery,"Edo, Kikongo",Laterals,word-final,l,∅,0,0,[sɔ],sun,HagemeijerMaurerZamora2020[320]
Fa d'Ambô,Gulf of Guinea,Portuguese,1543,1968,Slavery,"Edo, Kikongo",Laterals,word-medial,ʎ,∅,0,0,[miɛ],woman,HagemeijerMaurerZamora2020[316]
Fa d'Ambô,Gulf of Guinea,Portuguese,1543,1968,Slavery,"Edo, Kikongo",Nasals,word-initial,m,m,1,1,[miɛ],woman,HagemeijerMaurerZamora2020[316]
Fa d'Ambô,Gulf of Guinea,Portuguese,1543,1968,Slavery,"Edo, Kikongo",Nasals,word-medial,m,m,1,1,[namu],name,HagemeijerMaurerZamora2020[316]
Fa d'Ambô,Gulf of Guinea,Portuguese,1543,1968,Slavery,"Edo, Kikongo",Nasals,word-initial,n,n,1,1,[namu],name,HagemeijerMaurerZamora2020[316]
Fa d'Ambô,Gulf of Guinea,Portuguese,1543,1968,Slavery,"Edo, Kikongo",Nasals,word-medial,n,n,1,1,[fiˈnĩ],funnel,Granda1984[27]
Fa d'Ambô,Gulf of Guinea,Portuguese,1543,1968,Slavery,"Edo, Kikongo",Nasals,word-medial,ɲ,Ø,0,0,[kʰama],road,HagemeijerMaurerZamora2020[313]
Angolar,Gulf of Guinea,Portuguese,1493,1530,Slavery,Kimbundu,Stops,word-initial,p,p,1,1,[pɛ̀nθà],to think,Maurer2013
Angolar,Gulf of Guinea,Portuguese,1493,1530,Slavery,Kimbundu,Stops,word-medial,p,p,1,1,[kapatazi],foreman,Araujo2010[17]
Angolar,Gulf of Guinea,Portuguese,1493,1530,Slavery,Kimbundu,Stops,word-initial,b,b,1,1,[bɛːga],belly,Hagemeijer2019[772]
Angolar,Gulf of Guinea,Portuguese,1493,1530,Slavery,Kimbundu,Stops,word-medial,b,b,1,1,[bebe],to drink,Hagemeijer2019[772]
Angolar,Gulf of Guinea,Portuguese,1493,1530,Slavery,Kimbundu,Stops,word-initial,t,t,1,1,[taba],wood plank,Maurer2013
Angolar,Gulf of Guinea,Portuguese,1493,1530,Slavery,Kimbundu,Stops,word-medial,t,t,1,1,[latu],mouse,Ferraz1979[10]
Angolar,Gulf of Guinea,Portuguese,1493,1530,Slavery,Kimbundu,Stops,word-initial,d,r,1,0,[relu],money,Araujo2010[19]
Angolar,Gulf of Guinea,Portuguese,1493,1530,Slavery,Kimbundu,Stops,word-medial,d,r,1,0,[ˈvira],life,Hagemeijer2019[768]
Angolar,Gulf of Guinea,Portuguese,1493,1530,Slavery,Kimbundu,Stops,word-initial,k,k,1,1,[kabalu],horse,Hagemeijer2019[772]
Angolar,Gulf of Guinea,Portuguese,1493,1530,Slavery,Kimbundu,Stops,word-medial,k,k,1,1,[θeku],dry,Maurer2013
Angolar,Gulf of Guinea,Portuguese,1493,1530,Slavery,Kimbundu,Stops,word-initial,g,g,1,1,[ŋgaȷ̃a],chicken,Araujo2010[17]
Angolar,Gulf of Guinea,Portuguese,1493,1530,Slavery,Kimbundu,Stops,word-medial,g,g,1,1,[bɛːga],belly,Hagemeijer2019[772]
Angolar,Gulf of Guinea,Portuguese,1493,1530,Slavery,Kimbundu,Fricatives,word-initial,v,b,0,0,[bi],to come,Araujo2010[16]
Angolar,Gulf of Guinea,Portuguese,1493,1530,Slavery,Kimbundu,Fricatives,word-medial,v,b,0,0,[laba],to wash,Hagemeijer2019[772]
Angolar,Gulf of Guinea,Portuguese,1493,1530,Slavery,Kimbundu,Fricatives,word-initial,f,f,1,1,[favolo],favor,Hagemeijer2019[768]
Angolar,Gulf of Guinea,Portuguese,1493,1530,Slavery,Kimbundu,Fricatives,word-medial,f,NA,NA,NA,NA,NA,NA
Angolar,Gulf of Guinea,Portuguese,1493,1530,Slavery,Kimbundu,Fricatives,word-initial,s,θ,1,0,[θeku],dry,Maurer2013
Angolar,Gulf of Guinea,Portuguese,1493,1530,Slavery,Kimbundu,Fricatives,word-medial,s,θ,1,0,[baθua],broom,Hagemeijer2019[772]
Angolar,Gulf of Guinea,Portuguese,1493,1530,Slavery,Kimbundu,Fricatives,word-initial,z,NA,NA,NA,NA,NA,NA
Angolar,Gulf of Guinea,Portuguese,1493,1530,Slavery,Kimbundu,Fricatives,word-medial,z,ð,0,1,[aða],wing,Maurer2013
Angolar,Gulf of Guinea,Portuguese,1493,1530,Slavery,Kimbundu,Fricatives,word-initial,t̠ʃ,θ,0,0,[θavi],key,Hagemeijer2019[773]
Angolar,Gulf of Guinea,Portuguese,1493,1530,Slavery,Kimbundu,Fricatives,word-medial,t̠ʃ,θ,0,0,[kaθo],dog,Araujo2010[17]
Angolar,Gulf of Guinea,Portuguese,1493,1530,Slavery,Kimbundu,Fricatives,word-initial,ʒ,ð,0,1,[ðuga],to tʱrow,Araujo2010[19]
Angolar,Gulf of Guinea,Portuguese,1493,1530,Slavery,Kimbundu,Fricatives,word-medial,ʒ,ð,0,1,[θuðu],dirty,Maurer2013
Angolar,Gulf of Guinea,Portuguese,1493,1530,Slavery,Kimbundu,Rhotics,word-medial,ɾ,∅,0,0,[baθua],broom,Hagemeijer2019[772]
Angolar,Gulf of Guinea,Portuguese,1493,1530,Slavery,Kimbundu,Rhotics,word-final,ɾ,l,1,0,[delu],money,Araujo2010[19]
Angolar,Gulf of Guinea,Portuguese,1493,1530,Slavery,Kimbundu,Rhotics,word-initial,r,l,1,0,[lemu],oar,Maurer2013
Angolar,Gulf of Guinea,Portuguese,1493,1530,Slavery,Kimbundu,Rhotics,word-medial,r,∅,0,0,[bɛːga],belly,Hagemeijer2019[772]
Angolar,Gulf of Guinea,Portuguese,1493,1530,Slavery,Kimbundu,Laterals,word-initial,l,l,1,1,[laba],to wash,Hagemeijer2019[772]
Angolar,Gulf of Guinea,Portuguese,1493,1530,Slavery,Kimbundu,Laterals,word-medial,l,l,1,1,[kabalu],horse,Hagemeijer2019[772]
Angolar,Gulf of Guinea,Portuguese,1493,1530,Slavery,Kimbundu,Laterals,word-final,l,l,1,1,[θolo],sun,Maurer2013
Angolar,Gulf of Guinea,Portuguese,1493,1530,Slavery,Kimbundu,Laterals,word-medial,ʎ,j,1,0,[fja],leaf,Araujo2010[17]
Angolar,Gulf of Guinea,Portuguese,1493,1530,Slavery,Kimbundu,Nasals,word-initial,m,m,1,1,[masivi],young man,Ferraz1979[104]
Angolar,Gulf of Guinea,Portuguese,1493,1530,Slavery,Kimbundu,Nasals,word-medial,m,m,1,1,[ome],man,Maurer2013
Angolar,Gulf of Guinea,Portuguese,1493,1530,Slavery,Kimbundu,Nasals,word-initial,n,n,1,1,[nɔvu],new,Hagemeijer2019[768]
Angolar,Gulf of Guinea,Portuguese,1493,1530,Slavery,Kimbundu,Nasals,word-medial,n,n,1,1,[θono],sleepiness,Maurer2013
Angolar,Gulf of Guinea,Portuguese,1493,1530,Slavery,Kimbundu,Nasals,word-medial,ɲ,∅,0,0,[relu],money,Araujo2010[19]
Guinea-Bissau Kriyol,Upper Guinea,Portuguese,1493,1530,Slavery,Kimbundu,Stops,word-initial,p,p,1,1,[pɛna],feather,own knowledge (Chiara Truppi)
Guinea-Bissau Kriyol,Upper Guinea,Portuguese,1493,1530,Slavery,Kimbundu,Stops,word-medial,p,p,1,1,[tripa],guts,own knowledge (Chiara Truppi)
Guinea-Bissau Kriyol,Upper Guinea,Portuguese,1493,1530,Slavery,Kimbundu,Stops,word-initial,b,b,1,1,[bariga],belly,own knowledge (Chiara Truppi)
Guinea-Bissau Kriyol,Upper Guinea,Portuguese,1493,1530,Slavery,Kimbundu,Stops,word-medial,b,b,1,1,[kabelu],hair,own knowledge (Chiara Truppi)
Guinea-Bissau Kriyol,Upper Guinea,Portuguese,1493,1530,Slavery,Kimbundu,Stops,word-initial,t,t,1,1,[tudu],everything,own knowledge (Chiara Truppi)
Guinea-Bissau Kriyol,Upper Guinea,Portuguese,1493,1530,Slavery,Kimbundu,Stops,word-medial,t,t,1,1,[mata],to kill,own knowledge (Chiara Truppi)
Guinea-Bissau Kriyol,Upper Guinea,Portuguese,1493,1530,Slavery,Kimbundu,Stops,word-initial,d,d,1,1,[dibi],to owe,own knowledge (Chiara Truppi)
Guinea-Bissau Kriyol,Upper Guinea,Portuguese,1493,1530,Slavery,Kimbundu,Stops,word-medial,d,d,1,1,[tudu],everything,own knowledge (Chiara Truppi)
Guinea-Bissau Kriyol,Upper Guinea,Portuguese,1493,1530,Slavery,Kimbundu,Stops,word-initial,k,k,1,1,[kabelu],hair,own knowledge (Chiara Truppi)
Guinea-Bissau Kriyol,Upper Guinea,Portuguese,1493,1530,Slavery,Kimbundu,Stops,word-medial,k,k,1,1,[seku],dry,own knowledge (Chiara Truppi)
Guinea-Bissau Kriyol,Upper Guinea,Portuguese,1493,1530,Slavery,Kimbundu,Stops,word-initial,g,g,1,1,[gurdu],fat,own knowledge (Chiara Truppi)
Guinea-Bissau Kriyol,Upper Guinea,Portuguese,1493,1530,Slavery,Kimbundu,Stops,word-medial,g,g,1,1,[bariga],belly,own knowledge (Chiara Truppi)
Guinea-Bissau Kriyol,Upper Guinea,Portuguese,1493,1530,Slavery,Kimbundu,Fricatives,word-initial,v,b,0,0,[bɛd̠ʒu],old man,Hagemeijer2019[768]
Guinea-Bissau Kriyol,Upper Guinea,Portuguese,1493,1530,Slavery,Kimbundu,Fricatives,word-medial,v,b,0,0,[laba],to wash,own knowledge (Chiara Truppi)
Guinea-Bissau Kriyol,Upper Guinea,Portuguese,1493,1530,Slavery,Kimbundu,Fricatives,word-initial,f,f,1,1,[fabur],favor,Hagemeijer2019[769]
Guinea-Bissau Kriyol,Upper Guinea,Portuguese,1493,1530,Slavery,Kimbundu,Fricatives,word-medial,f,f,1,1,[afastadu],far away,own knowledge (Chiara Truppi)
Guinea-Bissau Kriyol,Upper Guinea,Portuguese,1493,1530,Slavery,Kimbundu,Fricatives,word-initial,s,s,1,1,[susu],dirty,own knowledge (Chiara Truppi)
Guinea-Bissau Kriyol,Upper Guinea,Portuguese,1493,1530,Slavery,Kimbundu,Fricatives,word-medial,s,s,1,1,[pasu],bird,own knowledge (Chiara Truppi)
Guinea-Bissau Kriyol,Upper Guinea,Portuguese,1493,1530,Slavery,Kimbundu,Fricatives,word-initial,z,z,1,1,[zɔna],zone,own knowledge (Chiara Truppi)
Guinea-Bissau Kriyol,Upper Guinea,Portuguese,1493,1530,Slavery,Kimbundu,Fricatives,word-medial,z,z,1,1,[aza],wing,own knowledge (Chiara Truppi)
Guinea-Bissau Kriyol,Upper Guinea,Portuguese,1493,1530,Slavery,Kimbundu,Fricatives,word-initial,t̠ʃ,t̠ʃ,1,1,[t̠ʃera],to smell,own knowledge (Chiara Truppi)
Guinea-Bissau Kriyol,Upper Guinea,Portuguese,1493,1530,Slavery,Kimbundu,Fricatives,word-medial,t̠ʃ,t̠ʃ,1,1,[bit̠ʃu],animal,own knowledge (Chiara Truppi)
Guinea-Bissau Kriyol,Upper Guinea,Portuguese,1493,1530,Slavery,Kimbundu,Fricatives,word-initial,ʒ,d̠ʒ,1,0,[d̠ʒuntu],next to,own knowledge (Chiara Truppi)
Guinea-Bissau Kriyol,Upper Guinea,Portuguese,1493,1530,Slavery,Kimbundu,Fricatives,word-medial,ʒ,s,0,1,[susu],dirty,own knowledge (Chiara Truppi)
Guinea-Bissau Kriyol,Upper Guinea,Portuguese,1493,1530,Slavery,Kimbundu,Rhotics,word-medial,ɾ,r,1,1,[t̠ʃera],to smell,own knowledge (Chiara Truppi)
Guinea-Bissau Kriyol,Upper Guinea,Portuguese,1493,1530,Slavery,Kimbundu,Rhotics,word-final,ɾ,r,1,1,[mind̠ʒer],woman,own knowledge (Chiara Truppi)
Guinea-Bissau Kriyol,Upper Guinea,Portuguese,1493,1530,Slavery,Kimbundu,Rhotics,word-initial,r,r,1,1,[rabu],tail,own knowledge (Chiara Truppi)
Guinea-Bissau Kriyol,Upper Guinea,Portuguese,1493,1530,Slavery,Kimbundu,Rhotics,word-medial,r,r,1,1,[bariga],belly,own knowledge (Chiara Truppi)
Guinea-Bissau Kriyol,Upper Guinea,Portuguese,1493,1530,Slavery,Kimbundu,Laterals,word-initial,l,l,1,1,[laba],to wash,own knowledge (Chiara Truppi)
Guinea-Bissau Kriyol,Upper Guinea,Portuguese,1493,1530,Slavery,Kimbundu,Laterals,word-medial,l,l,1,1,[kabelu],hair,own knowledge (Chiara Truppi)
Guinea-Bissau Kriyol,Upper Guinea,Portuguese,1493,1530,Slavery,Kimbundu,Laterals,word-final,l,l,1,1,[sɔl],sun,own knowledge (Chiara Truppi)
Guinea-Bissau Kriyol,Upper Guinea,Portuguese,1493,1530,Slavery,Kimbundu,Laterals,word-medial,ʎ,d̠ʒ,1,0,[mind̠ʒer],woman,own knowledge (Chiara Truppi)
Guinea-Bissau Kriyol,Upper Guinea,Portuguese,1493,1530,Slavery,Kimbundu,Nasals,word-initial,m,m,1,1,[mind̠ʒer],woman,own knowledge (Chiara Truppi)
Guinea-Bissau Kriyol,Upper Guinea,Portuguese,1493,1530,Slavery,Kimbundu,Nasals,word-medial,m,m,1,1,[nomi],name,own knowledge (Chiara Truppi)
Guinea-Bissau Kriyol,Upper Guinea,Portuguese,1493,1530,Slavery,Kimbundu,Nasals,word-initial,n,n,1,1,[nomi],name,own knowledge (Chiara Truppi)
Guinea-Bissau Kriyol,Upper Guinea,Portuguese,1493,1530,Slavery,Kimbundu,Nasals,word-medial,n,n,1,1,[pɛna],feather,own knowledge (Chiara Truppi)
Guinea-Bissau Kriyol,Upper Guinea,Portuguese,1493,1530,Slavery,Kimbundu,Nasals,word-medial,ɲ,ɲ,1,1,[kusiɲa] : [kusɲa],a little,own knowledge (Chiara Truppi)
Cape Verdean Santiago,Upper Guinea,Portuguese,1460,1975,Slavery,"Wolof, Temne, Mandinka",Stops,word-initial,p,p,1,1,[pɛna],feather,Baptista2019[268]
Cape Verdean Santiago,Upper Guinea,Portuguese,1460,1975,Slavery,"Wolof, Temne, Mandinka",Stops,word-medial,p,p,1,1,[tripa],guts,Baptista2019[267]
Cape Verdean Santiago,Upper Guinea,Portuguese,1460,1975,Slavery,"Wolof, Temne, Mandinka",Stops,word-initial,b,b,1,1,[bariga],belly,Baptista2019[267]
Cape Verdean Santiago,Upper Guinea,Portuguese,1460,1975,Slavery,"Wolof, Temne, Mandinka",Stops,word-medial,b,b,1,1,[kabɛlu],hair,Baptista2019[273]
Cape Verdean Santiago,Upper Guinea,Portuguese,1460,1975,Slavery,"Wolof, Temne, Mandinka",Stops,word-initial,t,t,1,1,[tudu],everything,Baptista2019[267]
Cape Verdean Santiago,Upper Guinea,Portuguese,1460,1975,Slavery,"Wolof, Temne, Mandinka",Stops,word-medial,t,t,1,1,[mata],to kill,Baptista2019[273]
Cape Verdean Santiago,Upper Guinea,Portuguese,1460,1975,Slavery,"Wolof, Temne, Mandinka",Stops,word-initial,d,d,1,1,[dɛbi],to owe,Hagemeijer2019[768]
Cape Verdean Santiago,Upper Guinea,Portuguese,1460,1975,Slavery,"Wolof, Temne, Mandinka",Stops,word-medial,d,d,1,1,[tudu],everything,Baptista2019[267]
Cape Verdean Santiago,Upper Guinea,Portuguese,1460,1975,Slavery,"Wolof, Temne, Mandinka",Stops,word-initial,k,k,1,1,[kabɛlu],hair,Baptista2019[273]
Cape Verdean Santiago,Upper Guinea,Portuguese,1460,1975,Slavery,"Wolof, Temne, Mandinka",Stops,word-medial,k,k,1,1,[sɛku],dry,Baptista2019[268]
Cape Verdean Santiago,Upper Guinea,Portuguese,1460,1975,Slavery,"Wolof, Temne, Mandinka",Stops,word-initial,g,g,1,1,[gɔrdu],fat,Baptista2019[267]
Cape Verdean Santiago,Upper Guinea,Portuguese,1460,1975,Slavery,"Wolof, Temne, Mandinka",Stops,word-medial,g,g,1,1,[bariga],belly,Baptista2019[267]
Cape Verdean Santiago,Upper Guinea,Portuguese,1460,1975,Slavery,"Wolof, Temne, Mandinka",Fricatives,word-initial,v,b,0,0,[ˈbɛd̠ʒu],old man,Hagemeijer2019[768]
Cape Verdean Santiago,Upper Guinea,Portuguese,1460,1975,Slavery,"Wolof, Temne, Mandinka",Fricatives,word-medial,v,b,0,0,[laba],to wash,Baptista2019[275]
Cape Verdean Santiago,Upper Guinea,Portuguese,1460,1975,Slavery,"Wolof, Temne, Mandinka",Fricatives,word-initial,f,f,1,1,[fɔgu],fire,Baptista2019[267]
Cape Verdean Santiago,Upper Guinea,Portuguese,1460,1975,Slavery,"Wolof, Temne, Mandinka",Fricatives,word-medial,f,f,1,1,[afasdatu],far away,Baptista2019[772]
Cape Verdean Santiago,Upper Guinea,Portuguese,1460,1975,Slavery,"Wolof, Temne, Mandinka",Fricatives,word-initial,s,s,1,1,[suʃu],dirty,Baptista2019[268]
Cape Verdean Santiago,Upper Guinea,Portuguese,1460,1975,Slavery,"Wolof, Temne, Mandinka",Fricatives,word-medial,s,s,1,1,[pasu],bird,Baptista2019[267]
Cape Verdean Santiago,Upper Guinea,Portuguese,1460,1975,Slavery,"Wolof, Temne, Mandinka",Fricatives,word-initial,z,z,1,1,[zɔna],zone,Swolkien2013
Cape Verdean Santiago,Upper Guinea,Portuguese,1460,1975,Slavery,"Wolof, Temne, Mandinka",Fricatives,word-medial,z,z,1,1,[aza],wing,Baptista2019[277]
Cape Verdean Santiago,Upper Guinea,Portuguese,1460,1975,Slavery,"Wolof, Temne, Mandinka",Fricatives,word-initial,t̠ʃ,t̠ʃ,1,1,[t̠ʃera],to smell,Baptista2019[275]
Cape Verdean Santiago,Upper Guinea,Portuguese,1460,1975,Slavery,"Wolof, Temne, Mandinka",Fricatives,word-medial,t̠ʃ,t̠ʃ,1,1,[bit̠ʃu],animal,Baptista2019[267]
Cape Verdean Santiago,Upper Guinea,Portuguese,1460,1975,Slavery,"Wolof, Temne, Mandinka",Fricatives,word-initial,ʒ,d̠ʒ,1,0,d̠ʒuntu,next to,Baptista2019[274]
Cape Verdean Santiago,Upper Guinea,Portuguese,1460,1975,Slavery,"Wolof, Temne, Mandinka",Fricatives,word-medial,ʒ,ʃ,1,1,[suʃu],dirty,Baptista2019[268]
Cape Verdean Santiago,Upper Guinea,Portuguese,1460,1975,Slavery,"Wolof, Temne, Mandinka",Rhotics,word-medial,ɾ,r,1,1,[t̠ʃera],to smell,Baptista2019[275]
Cape Verdean Santiago,Upper Guinea,Portuguese,1460,1975,Slavery,"Wolof, Temne, Mandinka",Rhotics,word-final,ɾ,r,1,1,[mud̠ʒɛr],woman,Baptista2019[268]
Cape Verdean Santiago,Upper Guinea,Portuguese,1460,1975,Slavery,"Wolof, Temne, Mandinka",Rhotics,word-initial,r,r,1,1,[rabu],tail,Baptista2019[276]
Cape Verdean Santiago,Upper Guinea,Portuguese,1460,1975,Slavery,"Wolof, Temne, Mandinka",Rhotics,word-medial,r,r,1,1,[bariga],belly,Baptista2019[267]
Cape Verdean Santiago,Upper Guinea,Portuguese,1460,1975,Slavery,"Wolof, Temne, Mandinka",Laterals,word-initial,l,l,1,1,[laba],to wash,Baptista2019[275]
Cape Verdean Santiago,Upper Guinea,Portuguese,1460,1975,Slavery,"Wolof, Temne, Mandinka",Laterals,word-medial,l,l,1,1,[kabɛlu],hair,Baptista2019[273]
Cape Verdean Santiago,Upper Guinea,Portuguese,1460,1975,Slavery,"Wolof, Temne, Mandinka",Laterals,word-final,l,l,1,1,[sɔl],sun,Baptista2019[276]
Cape Verdean Santiago,Upper Guinea,Portuguese,1460,1975,Slavery,"Wolof, Temne, Mandinka",Laterals,word-medial,ʎ,d̠ʒ,1,0,[mud̠ʒɛr],woman,Baptista2019[268]
Cape Verdean Santiago,Upper Guinea,Portuguese,1460,1975,Slavery,"Wolof, Temne, Mandinka",Nasals,word-initial,m,m,1,1,[mud̠ʒɛr],woman,Baptista2019[268]
Cape Verdean Santiago,Upper Guinea,Portuguese,1460,1975,Slavery,"Wolof, Temne, Mandinka",Nasals,word-medial,m,m,1,1,[nomi],name,Baptista2019[268]
Cape Verdean Santiago,Upper Guinea,Portuguese,1460,1975,Slavery,"Wolof, Temne, Mandinka",Nasals,word-initial,n,n,1,1,[nomi],name,Baptista2019[268]
Cape Verdean Santiago,Upper Guinea,Portuguese,1460,1975,Slavery,"Wolof, Temne, Mandinka",Nasals,word-medial,n,n,1,1,[pɛna],feather,Baptista2019[268]
Cape Verdean Santiago,Upper Guinea,Portuguese,1460,1975,Slavery,"Wolof, Temne, Mandinka",Nasals,word-medial,ɲ,ɲ,1,1,[kusiɲa],a little,Baptista2019[268]
Cape Verdean Brava,Upper Guinea,Portuguese,1573,1975,Slavery,"Wolof, Temne, Mandinka",Stops,word-initial,p,p,1,1,[pɛna],feather,Baptista2019[268]
Cape Verdean Brava,Upper Guinea,Portuguese,1573,1975,Slavery,"Wolof, Temne, Mandinka",Stops,word-medial,p,p,1,1,[tripa],guts,Baptista2019[267]
Cape Verdean Brava,Upper Guinea,Portuguese,1573,1975,Slavery,"Wolof, Temne, Mandinka",Stops,word-initial,b,b,1,1,[bariga],belly,Baptista2019[267]
Cape Verdean Brava,Upper Guinea,Portuguese,1573,1975,Slavery,"Wolof, Temne, Mandinka",Stops,word-medial,b,b,1,1,[kabɛlu],hair,Baptista2019[273]
Cape Verdean Brava,Upper Guinea,Portuguese,1573,1975,Slavery,"Wolof, Temne, Mandinka",Stops,word-initial,t,t,1,1,[tudu],everything,Baptista2019[267]
Cape Verdean Brava,Upper Guinea,Portuguese,1573,1975,Slavery,"Wolof, Temne, Mandinka",Stops,word-medial,t,t,1,1,[mata],to kill,Baptista2019[273]
Cape Verdean Brava,Upper Guinea,Portuguese,1573,1975,Slavery,"Wolof, Temne, Mandinka",Stops,word-initial,d,d,1,1,[dia],day,Baptista2019[267]
Cape Verdean Brava,Upper Guinea,Portuguese,1573,1975,Slavery,"Wolof, Temne, Mandinka",Stops,word-medial,d,d,1,1,[tudu],everything,Baptista2019[267]
Cape Verdean Brava,Upper Guinea,Portuguese,1573,1975,Slavery,"Wolof, Temne, Mandinka",Stops,word-initial,k,k,1,1,[kabɛlu],hair,Baptista2019[273]
Cape Verdean Brava,Upper Guinea,Portuguese,1573,1975,Slavery,"Wolof, Temne, Mandinka",Stops,word-medial,k,k,1,1,[sɛku],dry,Baptista2019[268]
Cape Verdean Brava,Upper Guinea,Portuguese,1573,1975,Slavery,"Wolof, Temne, Mandinka",Stops,word-initial,g,g,1,1,[gɔrdu],fat,Baptista2019[267]
Cape Verdean Brava,Upper Guinea,Portuguese,1573,1975,Slavery,"Wolof, Temne, Mandinka",Stops,word-medial,g,g,1,1,[bariga],belly,Baptista2019[267]
Cape Verdean Brava,Upper Guinea,Portuguese,1573,1975,Slavery,"Wolof, Temne, Mandinka",Fricatives,word-initial,v,b,0,0,[bɛd̠ʒu],old,Baptista2019[278]
Cape Verdean Brava,Upper Guinea,Portuguese,1573,1975,Slavery,"Wolof, Temne, Mandinka",Fricatives,word-medial,v,b,0,0,[laba],to wash,Baptista2019[275]
Cape Verdean Brava,Upper Guinea,Portuguese,1573,1975,Slavery,"Wolof, Temne, Mandinka",Fricatives,word-initial,f,f,1,1,[friu],cold,Baptista2019[267]
Cape Verdean Brava,Upper Guinea,Portuguese,1573,1975,Slavery,"Wolof, Temne, Mandinka",Fricatives,word-medial,f,NA,NA,NA,NA,NA,NA
Cape Verdean Brava,Upper Guinea,Portuguese,1573,1975,Slavery,"Wolof, Temne, Mandinka",Fricatives,word-initial,s,s,1,1,[suʒu],dirty,Baptista2019[268]
Cape Verdean Brava,Upper Guinea,Portuguese,1573,1975,Slavery,"Wolof, Temne, Mandinka",Fricatives,word-medial,s,s,1,1,[pasu],bird,Baptista2019[267]
Cape Verdean Brava,Upper Guinea,Portuguese,1573,1975,Slavery,"Wolof, Temne, Mandinka",Fricatives,word-initial,z,NA,NA,NA,NA,NA,NA
Cape Verdean Brava,Upper Guinea,Portuguese,1573,1975,Slavery,"Wolof, Temne, Mandinka",Fricatives,word-medial,z,z,1,1,[aza],wing,Baptista2019[277]
Cape Verdean Brava,Upper Guinea,Portuguese,1573,1975,Slavery,"Wolof, Temne, Mandinka",Fricatives,word-initial,t̠ʃ,t̠ʃ,1,1,[t̠ʃera],to smell,Baptista2019[275]
Cape Verdean Brava,Upper Guinea,Portuguese,1573,1975,Slavery,"Wolof, Temne, Mandinka",Fricatives,word-medial,t̠ʃ,t̠ʃ,1,1,[kat̠ʃɔr],dog,Baptista2019[267]
Cape Verdean Brava,Upper Guinea,Portuguese,1573,1975,Slavery,"Wolof, Temne, Mandinka",Fricatives,word-initial,ʒ,ʒ,1,1,ʒuntu,next to,Baptista2019[274]
Cape Verdean Brava,Upper Guinea,Portuguese,1573,1975,Slavery,"Wolof, Temne, Mandinka",Fricatives,word-medial,ʒ,ʒ,1,1,[suʒu],dirty,Baptista2019[268]
Cape Verdean Brava,Upper Guinea,Portuguese,1573,1975,Slavery,"Wolof, Temne, Mandinka",Rhotics,word-medial,ɾ,r,1,1,[t̠ʃera],to smell,Baptista2019[275]
Cape Verdean Brava,Upper Guinea,Portuguese,1573,1975,Slavery,"Wolof, Temne, Mandinka",Rhotics,word-final,ɾ,r,1,1,[amd̠ʒɛr],woman,Baptista2019[268]
Cape Verdean Brava,Upper Guinea,Portuguese,1573,1975,Slavery,"Wolof, Temne, Mandinka",Rhotics,word-initial,r,r,1,1,[rabu],tail,Baptista2019[276]
Cape Verdean Brava,Upper Guinea,Portuguese,1573,1975,Slavery,"Wolof, Temne, Mandinka",Rhotics,word-medial,r,r,1,1,[bariga],belly,Baptista2019[267]
Cape Verdean Brava,Upper Guinea,Portuguese,1573,1975,Slavery,"Wolof, Temne, Mandinka",Laterals,word-initial,l,l,1,1,[laba],to wash,Baptista2019[275]
Cape Verdean Brava,Upper Guinea,Portuguese,1573,1975,Slavery,"Wolof, Temne, Mandinka",Laterals,word-medial,l,l,1,1,[kabɛlu],hair,Baptista2019[273]
Cape Verdean Brava,Upper Guinea,Portuguese,1573,1975,Slavery,"Wolof, Temne, Mandinka",Laterals,word-final,l,l,1,1,[sɔl],sun,Baptista2019[276]
Cape Verdean Brava,Upper Guinea,Portuguese,1573,1975,Slavery,"Wolof, Temne, Mandinka",Laterals,word-medial,ʎ,d̠ʒ,1,0,[amd̠ʒer],woman,Baptista2019[268]
Cape Verdean Brava,Upper Guinea,Portuguese,1573,1975,Slavery,"Wolof, Temne, Mandinka",Nasals,word-initial,m,m,1,1,[amd̠ʒer],woman,Baptista2019[268]
Cape Verdean Brava,Upper Guinea,Portuguese,1573,1975,Slavery,"Wolof, Temne, Mandinka",Nasals,word-medial,m,m,1,1,[nɔmi],name,Baptista2019[268]
Cape Verdean Brava,Upper Guinea,Portuguese,1573,1975,Slavery,"Wolof, Temne, Mandinka",Nasals,word-initial,n,n,1,1,[nɔmi],name,Baptista2019[268]
Cape Verdean Brava,Upper Guinea,Portuguese,1573,1975,Slavery,"Wolof, Temne, Mandinka",Nasals,word-medial,n,n,1,1,[pɛna],feather,Baptista2019[268]
Cape Verdean Brava,Upper Guinea,Portuguese,1573,1975,Slavery,"Wolof, Temne, Mandinka",Nasals,word-medial,ɲ,ɲ,1,1,[kuziɲa],a little,Baptista2019[268]
Cape Verdean Fogo,Upper Guinea,Portuguese,1460,1975,Slavery,"Wolof, Temne, Mandinka",Stops,word-initial,p,p,1,1,[pɛna],feather,Baptista2019[268]
Cape Verdean Fogo,Upper Guinea,Portuguese,1460,1975,Slavery,"Wolof, Temne, Mandinka",Stops,word-medial,p,p,1,1,[tripa],guts,Baptista2019[267]
Cape Verdean Fogo,Upper Guinea,Portuguese,1460,1975,Slavery,"Wolof, Temne, Mandinka",Stops,word-initial,b,b,1,1,[baRiga],belly,Baptista2019[267]
Cape Verdean Fogo,Upper Guinea,Portuguese,1460,1975,Slavery,"Wolof, Temne, Mandinka",Stops,word-medial,b,b,1,1,[kabɛlu],hair,Baptista2019[273]
Cape Verdean Fogo,Upper Guinea,Portuguese,1460,1975,Slavery,"Wolof, Temne, Mandinka",Stops,word-initial,t,t,1,1,[tudu],everything,Baptista2019[267]
Cape Verdean Fogo,Upper Guinea,Portuguese,1460,1975,Slavery,"Wolof, Temne, Mandinka",Stops,word-medial,t,t,1,1,[mata],to kill,Baptista2019[273]
Cape Verdean Fogo,Upper Guinea,Portuguese,1460,1975,Slavery,"Wolof, Temne, Mandinka",Stops,word-initial,d,d,1,1,[dia],day,Baptista2019[267]
Cape Verdean Fogo,Upper Guinea,Portuguese,1460,1975,Slavery,"Wolof, Temne, Mandinka",Stops,word-medial,d,d,1,1,[tudu],everything,Baptista2019[267]
Cape Verdean Fogo,Upper Guinea,Portuguese,1460,1975,Slavery,"Wolof, Temne, Mandinka",Stops,word-initial,k,k,1,1,[kabɛlu],hair,Baptista2019[273]
Cape Verdean Fogo,Upper Guinea,Portuguese,1460,1975,Slavery,"Wolof, Temne, Mandinka",Stops,word-medial,k,k,1,1,[sɛku],dry,Baptista2019[268]
Cape Verdean Fogo,Upper Guinea,Portuguese,1460,1975,Slavery,"Wolof, Temne, Mandinka",Stops,word-initial,g,g,1,1,[gɔrdu],fat,Baptista2019[267]
Cape Verdean Fogo,Upper Guinea,Portuguese,1460,1975,Slavery,"Wolof, Temne, Mandinka",Stops,word-medial,g,g,1,1,[baRiga],belly,Baptista2019[267]
Cape Verdean Fogo,Upper Guinea,Portuguese,1460,1975,Slavery,"Wolof, Temne, Mandinka",Fricatives,word-initial,v,b,0,0,[bɛd̠ʒu],old,Baptista2019[278]
Cape Verdean Fogo,Upper Guinea,Portuguese,1460,1975,Slavery,"Wolof, Temne, Mandinka",Fricatives,word-medial,v,b,0,0,[laba],to wash,Baptista2019[275]
Cape Verdean Fogo,Upper Guinea,Portuguese,1460,1975,Slavery,"Wolof, Temne, Mandinka",Fricatives,word-initial,f,f,1,1,[friu],cold,Baptista2019[267]
Cape Verdean Fogo,Upper Guinea,Portuguese,1460,1975,Slavery,"Wolof, Temne, Mandinka",Fricatives,word-medial,f,NA,NA,NA,NA,NA,NA
Cape Verdean Fogo,Upper Guinea,Portuguese,1460,1975,Slavery,"Wolof, Temne, Mandinka",Fricatives,word-initial,s,s,1,1,[suʒu],dirty,Baptista2019[268]
Cape Verdean Fogo,Upper Guinea,Portuguese,1460,1975,Slavery,"Wolof, Temne, Mandinka",Fricatives,word-medial,s,s,1,1,[pasu],bird,Baptista2019[267]
Cape Verdean Fogo,Upper Guinea,Portuguese,1460,1975,Slavery,"Wolof, Temne, Mandinka",Fricatives,word-initial,z,NA,NA,NA,NA,NA,NA
Cape Verdean Fogo,Upper Guinea,Portuguese,1460,1975,Slavery,"Wolof, Temne, Mandinka",Fricatives,word-medial,z,z,1,1,[aza],wing,Baptista2019[277]
Cape Verdean Fogo,Upper Guinea,Portuguese,1460,1975,Slavery,"Wolof, Temne, Mandinka",Fricatives,word-initial,t̠ʃ,t̠ʃ,1,1,[t̠ʃera],to smell,Baptista2019[275]
Cape Verdean Fogo,Upper Guinea,Portuguese,1460,1975,Slavery,"Wolof, Temne, Mandinka",Fricatives,word-medial,t̠ʃ,t̠ʃ,1,1,[kat̠ʃɔr],dog,Baptista2019[267]
Cape Verdean Fogo,Upper Guinea,Portuguese,1460,1975,Slavery,"Wolof, Temne, Mandinka",Fricatives,word-initial,ʒ,d̠ʒ,1,0,d̠ʒuntu,next to,Baptista2019[274]
Cape Verdean Fogo,Upper Guinea,Portuguese,1460,1975,Slavery,"Wolof, Temne, Mandinka",Fricatives,word-medial,ʒ,ʒ,1,1,[suʒu],dirty,Baptista2019[268]
Cape Verdean Fogo,Upper Guinea,Portuguese,1460,1975,Slavery,"Wolof, Temne, Mandinka",Rhotics,word-medial,ɾ,r,1,1,[t̠ʃera],to smell,Baptista2019[275]
Cape Verdean Fogo,Upper Guinea,Portuguese,1460,1975,Slavery,"Wolof, Temne, Mandinka",Rhotics,word-final,ɾ,r,1,1,[mier],woman,Baptista2019[268]
Cape Verdean Fogo,Upper Guinea,Portuguese,1460,1975,Slavery,"Wolof, Temne, Mandinka",Rhotics,word-initial,r,r,1,1,[rabu],tail,Baptista2019[276]
Cape Verdean Fogo,Upper Guinea,Portuguese,1460,1975,Slavery,"Wolof, Temne, Mandinka",Rhotics,word-medial,r,ʀ,0,1,[baRiga],belly,Baptista2019[267]
Cape Verdean Fogo,Upper Guinea,Portuguese,1460,1975,Slavery,"Wolof, Temne, Mandinka",Laterals,word-initial,l,l,1,1,[laba],to wash,Baptista2019[275]
Cape Verdean Fogo,Upper Guinea,Portuguese,1460,1975,Slavery,"Wolof, Temne, Mandinka",Laterals,word-medial,l,l,1,1,[kabɛlu],hair,Baptista2019[273]
Cape Verdean Fogo,Upper Guinea,Portuguese,1460,1975,Slavery,"Wolof, Temne, Mandinka",Laterals,word-final,l,l,1,1,[sɔl],sun,Baptista2019[276]
Cape Verdean Fogo,Upper Guinea,Portuguese,1460,1975,Slavery,"Wolof, Temne, Mandinka",Laterals,word-medial,ʎ,∅,0,0,[mier],woman,Baptista2019[268]
Cape Verdean Fogo,Upper Guinea,Portuguese,1460,1975,Slavery,"Wolof, Temne, Mandinka",Nasals,word-initial,m,m,1,1,[mier],woman,Baptista2019[268]
Cape Verdean Fogo,Upper Guinea,Portuguese,1460,1975,Slavery,"Wolof, Temne, Mandinka",Nasals,word-medial,m,m,1,1,[nɔmi],name,Baptista2019[268]
Cape Verdean Fogo,Upper Guinea,Portuguese,1460,1975,Slavery,"Wolof, Temne, Mandinka",Nasals,word-initial,n,n,1,1,[nɔmi],name,Baptista2019[268]
Cape Verdean Fogo,Upper Guinea,Portuguese,1460,1975,Slavery,"Wolof, Temne, Mandinka",Nasals,word-medial,n,n,1,1,[pɛna],feather,Baptista2019[268]
Cape Verdean Fogo,Upper Guinea,Portuguese,1460,1975,Slavery,"Wolof, Temne, Mandinka",Nasals,word-medial,ɲ,ɲ,1,1,[kuziɲa],a little,Baptista2019[268]
Cape Verdean Santo Antão,Upper Guinea,Portuguese,1462,1975,Slavery,"Wolof, Temne, Mandinka",Stops,word-initial,p,p,1,1,[pɛna],feather,Baptista2019[268]
Cape Verdean Santo Antão,Upper Guinea,Portuguese,1462,1975,Slavery,"Wolof, Temne, Mandinka",Stops,word-medial,p,p,1,1,[tripa],guts,Baptista2019[267]
Cape Verdean Santo Antão,Upper Guinea,Portuguese,1462,1975,Slavery,"Wolof, Temne, Mandinka",Stops,word-initial,b,b,1,1,[bɛrig],belly,Baptista2019[267]
Cape Verdean Santo Antão,Upper Guinea,Portuguese,1462,1975,Slavery,"Wolof, Temne, Mandinka",Stops,word-medial,b,b,1,1,[kɛbɛl],hair,Baptista2019[273]
Cape Verdean Santo Antão,Upper Guinea,Portuguese,1462,1975,Slavery,"Wolof, Temne, Mandinka",Stops,word-initial,t,t,1,1,[tud],everything,Baptista2019[267]
Cape Verdean Santo Antão,Upper Guinea,Portuguese,1462,1975,Slavery,"Wolof, Temne, Mandinka",Stops,word-medial,t,t,1,1,[mata],to kill,Baptista2019[273]
Cape Verdean Santo Antão,Upper Guinea,Portuguese,1462,1975,Slavery,"Wolof, Temne, Mandinka",Stops,word-initial,d,d,1,1,[dia],day,Baptista2019[267]
Cape Verdean Santo Antão,Upper Guinea,Portuguese,1462,1975,Slavery,"Wolof, Temne, Mandinka",Stops,word-medial,d,d,1,1,[tud],everything,Baptista2019[267]
Cape Verdean Santo Antão,Upper Guinea,Portuguese,1462,1975,Slavery,"Wolof, Temne, Mandinka",Stops,word-initial,k,k,1,1,[kɛbɛl],hair,Baptista2019[273]
Cape Verdean Santo Antão,Upper Guinea,Portuguese,1462,1975,Slavery,"Wolof, Temne, Mandinka",Stops,word-medial,k,k,1,1,[sɛk],dry,Baptista2019[268]
Cape Verdean Santo Antão,Upper Guinea,Portuguese,1462,1975,Slavery,"Wolof, Temne, Mandinka",Stops,word-initial,g,g,1,1,[grand],fat,Baptista2019[267]
Cape Verdean Santo Antão,Upper Guinea,Portuguese,1462,1975,Slavery,"Wolof, Temne, Mandinka",Stops,word-medial,g,g,1,1,[bɛrig],belly,Baptista2019[267]
Cape Verdean Santo Antão,Upper Guinea,Portuguese,1462,1975,Slavery,"Wolof, Temne, Mandinka",Fricatives,word-initial,v,v,1,1,[vɛj],old,Baptista2019[278]
Cape Verdean Santo Antão,Upper Guinea,Portuguese,1462,1975,Slavery,"Wolof, Temne, Mandinka",Fricatives,word-medial,v,v,1,1,[lava],to wash,Baptista2019[275]
Cape Verdean Santo Antão,Upper Guinea,Portuguese,1462,1975,Slavery,"Wolof, Temne, Mandinka",Fricatives,word-initial,f,f,1,1,[fri],cold,Baptista2019[267]
Cape Verdean Santo Antão,Upper Guinea,Portuguese,1462,1975,Slavery,"Wolof, Temne, Mandinka",Fricatives,word-medial,f,f,1,1,[fɔʃtɔd],far away,Baptista2019[772]
Cape Verdean Santo Antão,Upper Guinea,Portuguese,1462,1975,Slavery,"Wolof, Temne, Mandinka",Fricatives,word-initial,s,ʃ,0,1,[ʃuʒ],dirty,Baptista2019[268]
Cape Verdean Santo Antão,Upper Guinea,Portuguese,1462,1975,Slavery,"Wolof, Temne, Mandinka",Fricatives,word-medial,s,s,1,1,[pɔs],bird,Baptista2019[267]
Cape Verdean Santo Antão,Upper Guinea,Portuguese,1462,1975,Slavery,"Wolof, Temne, Mandinka",Fricatives,word-initial,z,NA,NA,NA,NA,NA,NA
Cape Verdean Santo Antão,Upper Guinea,Portuguese,1462,1975,Slavery,"Wolof, Temne, Mandinka",Fricatives,word-medial,z,z,1,1,[aza],wing,Baptista2019[277]
Cape Verdean Santo Antão,Upper Guinea,Portuguese,1462,1975,Slavery,"Wolof, Temne, Mandinka",Fricatives,word-initial,t̠ʃ,t̠ʃ,1,1,[t̠ʃerɛ],to smell,Baptista2019[275]
Cape Verdean Santo Antão,Upper Guinea,Portuguese,1462,1975,Slavery,"Wolof, Temne, Mandinka",Fricatives,word-medial,t̠ʃ,t̠ʃ,1,1,[bit̠ʃ],animal,Baptista2019[267]
Cape Verdean Santo Antão,Upper Guinea,Portuguese,1462,1975,Slavery,"Wolof, Temne, Mandinka",Fricatives,word-initial,ʒ,ʒ,1,1,ʒunt,next to,Baptista2019[274]
Cape Verdean Santo Antão,Upper Guinea,Portuguese,1462,1975,Slavery,"Wolof, Temne, Mandinka",Fricatives,word-medial,ʒ,ʒ,1,1,[ʃuʒ],dirty,Baptista2019[268]
Cape Verdean Santo Antão,Upper Guinea,Portuguese,1462,1975,Slavery,"Wolof, Temne, Mandinka",Rhotics,word-medial,ɾ,r,1,1,[t̠ʃerɛ],to smell,Baptista2019[275]
Cape Verdean Santo Antão,Upper Guinea,Portuguese,1462,1975,Slavery,"Wolof, Temne, Mandinka",Rhotics,word-final,ɾ,∅,0,0,[mud̠ʒe],woman,Baptista2019[268]
Cape Verdean Santo Antão,Upper Guinea,Portuguese,1462,1975,Slavery,"Wolof, Temne, Mandinka",Rhotics,word-initial,r,r,1,1,[rɔb],tail,Baptista2019[276]
Cape Verdean Santo Antão,Upper Guinea,Portuguese,1462,1975,Slavery,"Wolof, Temne, Mandinka",Rhotics,word-medial,r,r,1,1,[bɛrig],belly,Baptista2019[267]
Cape Verdean Santo Antão,Upper Guinea,Portuguese,1462,1975,Slavery,"Wolof, Temne, Mandinka",Laterals,word-initial,l,l,1,1,[lava],to wash,Baptista2019[275]
Cape Verdean Santo Antão,Upper Guinea,Portuguese,1462,1975,Slavery,"Wolof, Temne, Mandinka",Laterals,word-medial,l,l,1,1,[kɛbɛl],hair,Baptista2019[273]
Cape Verdean Santo Antão,Upper Guinea,Portuguese,1462,1975,Slavery,"Wolof, Temne, Mandinka",Laterals,word-final,l,l,1,1,[sɔl],sun,Baptista2019[276]
Cape Verdean Santo Antão,Upper Guinea,Portuguese,1462,1975,Slavery,"Wolof, Temne, Mandinka",Laterals,word-medial,ʎ,d̠ʒ,1,0,[mud̠ʒe],woman,Baptista2019[268]
Cape Verdean Santo Antão,Upper Guinea,Portuguese,1462,1975,Slavery,"Wolof, Temne, Mandinka",Nasals,word-initial,m,m,1,1,[mud̠ʒe],woman,Baptista2019[268]
Cape Verdean Santo Antão,Upper Guinea,Portuguese,1462,1975,Slavery,"Wolof, Temne, Mandinka",Nasals,word-medial,m,m,1,1,[nom],name,Baptista2019[268]
Cape Verdean Santo Antão,Upper Guinea,Portuguese,1462,1975,Slavery,"Wolof, Temne, Mandinka",Nasals,word-initial,n,n,1,1,[nom],name,Baptista2019[268]
Cape Verdean Santo Antão,Upper Guinea,Portuguese,1462,1975,Slavery,"Wolof, Temne, Mandinka",Nasals,word-medial,n,n,1,1,[pɛna],feather,Baptista2019[268]
Cape Verdean Santo Antão,Upper Guinea,Portuguese,1462,1975,Slavery,"Wolof, Temne, Mandinka",Nasals,word-medial,ɲ,ɲ,1,1,[kziɲa],a little,Baptista2019[268]
Cape Verdean São Vicente,Upper Guinea,Portuguese,1838,1975,Slavery,"Wolof, Temne, Mandinka",Stops,word-initial,p,p,1,1,[pɛna],feather,Baptista2019[268]
Cape Verdean São Vicente,Upper Guinea,Portuguese,1838,1975,Slavery,"Wolof, Temne, Mandinka",Stops,word-medial,p,p,1,1,[tripa],guts,Baptista2019[267]
Cape Verdean São Vicente,Upper Guinea,Portuguese,1838,1975,Slavery,"Wolof, Temne, Mandinka",Stops,word-initial,b,b,1,1,[bɛriga],belly,Baptista2019[267]
Cape Verdean São Vicente,Upper Guinea,Portuguese,1838,1975,Slavery,"Wolof, Temne, Mandinka",Stops,word-medial,b,b,1,1,[kabɛl],hair,Baptista2019[273]
Cape Verdean São Vicente,Upper Guinea,Portuguese,1838,1975,Slavery,"Wolof, Temne, Mandinka",Stops,word-initial,t,t,1,1,[tud],everything,Baptista2019[267]
Cape Verdean São Vicente,Upper Guinea,Portuguese,1838,1975,Slavery,"Wolof, Temne, Mandinka",Stops,word-medial,t,t,1,1,[mata],to kill,Baptista2019[273]
Cape Verdean São Vicente,Upper Guinea,Portuguese,1838,1975,Slavery,"Wolof, Temne, Mandinka",Stops,word-initial,d,d,1,1,[dia],day,Baptista2019[267]
Cape Verdean São Vicente,Upper Guinea,Portuguese,1838,1975,Slavery,"Wolof, Temne, Mandinka",Stops,word-medial,d,d,1,1,[tud],everything,Baptista2019[267]
Cape Verdean São Vicente,Upper Guinea,Portuguese,1838,1975,Slavery,"Wolof, Temne, Mandinka",Stops,word-initial,k,k,1,1,[kabɛl],hair,Baptista2019[273]
Cape Verdean São Vicente,Upper Guinea,Portuguese,1838,1975,Slavery,"Wolof, Temne, Mandinka",Stops,word-medial,k,k,1,1,[sɛk],dry,Baptista2019[268]
Cape Verdean São Vicente,Upper Guinea,Portuguese,1838,1975,Slavery,"Wolof, Temne, Mandinka",Stops,word-initial,g,g,1,1,[grandɛ],fat,Baptista2019[267]
Cape Verdean São Vicente,Upper Guinea,Portuguese,1838,1975,Slavery,"Wolof, Temne, Mandinka",Stops,word-medial,g,g,1,1,[bɛriga],belly,Baptista2019[267]
Cape Verdean São Vicente,Upper Guinea,Portuguese,1838,1975,Slavery,"Wolof, Temne, Mandinka",Fricatives,word-initial,v,b,0,0,[bɛd̠ʒ],old,Baptista2019[278]
Cape Verdean São Vicente,Upper Guinea,Portuguese,1838,1975,Slavery,"Wolof, Temne, Mandinka",Fricatives,word-medial,v,v,1,1,[lava],to wash,Baptista2019[275]
Cape Verdean São Vicente,Upper Guinea,Portuguese,1838,1975,Slavery,"Wolof, Temne, Mandinka",Fricatives,word-initial,f,f,1,1,[friu],cold,Baptista2019[267]
Cape Verdean São Vicente,Upper Guinea,Portuguese,1838,1975,Slavery,"Wolof, Temne, Mandinka",Fricatives,word-medial,f,NA,NA,NA,NA,NA,NA
Cape Verdean São Vicente,Upper Guinea,Portuguese,1838,1975,Slavery,"Wolof, Temne, Mandinka",Fricatives,word-initial,s,s,1,1,[suʒ],dirty,Baptista2019[268]
Cape Verdean São Vicente,Upper Guinea,Portuguese,1838,1975,Slavery,"Wolof, Temne, Mandinka",Fricatives,word-medial,s,s,1,1,[pɔs],bird,Baptista2019[267]
Cape Verdean São Vicente,Upper Guinea,Portuguese,1838,1975,Slavery,"Wolof, Temne, Mandinka",Fricatives,word-initial,z,NA,NA,NA,NA,NA,NA
Cape Verdean São Vicente,Upper Guinea,Portuguese,1838,1975,Slavery,"Wolof, Temne, Mandinka",Fricatives,word-medial,z,z,1,1,[aza],wing,Baptista2019[277]
Cape Verdean São Vicente,Upper Guinea,Portuguese,1838,1975,Slavery,"Wolof, Temne, Mandinka",Fricatives,word-initial,t̠ʃ,t̠ʃ,1,1,[t̠ʃerɛ],to smell,Baptista2019[275]
Cape Verdean São Vicente,Upper Guinea,Portuguese,1838,1975,Slavery,"Wolof, Temne, Mandinka",Fricatives,word-medial,t̠ʃ,t̠ʃ,1,1,[bit̠ʃ],animal,Baptista2019[267]
Cape Verdean São Vicente,Upper Guinea,Portuguese,1838,1975,Slavery,"Wolof, Temne, Mandinka",Fricatives,word-initial,ʒ,d̠ʒ,1,0,d̠ʒunt,next to,Baptista2019[274]
Cape Verdean São Vicente,Upper Guinea,Portuguese,1838,1975,Slavery,"Wolof, Temne, Mandinka",Fricatives,word-medial,ʒ,ʒ,1,1,[suʒ],dirty,Baptista2019[268]
Cape Verdean São Vicente,Upper Guinea,Portuguese,1838,1975,Slavery,"Wolof, Temne, Mandinka",Rhotics,word-medial,ɾ,r,1,1,[t̠ʃerɛ],to smell,Baptista2019[275]
Cape Verdean São Vicente,Upper Guinea,Portuguese,1838,1975,Slavery,"Wolof, Temne, Mandinka",Rhotics,word-final,ɾ,∅,0,0,[mud̠ʒɛr],woman,Baptista2019[268]
Cape Verdean São Vicente,Upper Guinea,Portuguese,1838,1975,Slavery,"Wolof, Temne, Mandinka",Rhotics,word-initial,r,r,1,1,[rɔb],tail,Baptista2019[276]
Cape Verdean São Vicente,Upper Guinea,Portuguese,1838,1975,Slavery,"Wolof, Temne, Mandinka",Rhotics,word-medial,r,r,1,1,[bɛriga],belly,Baptista2019[267]
Cape Verdean São Vicente,Upper Guinea,Portuguese,1838,1975,Slavery,"Wolof, Temne, Mandinka",Laterals,word-initial,l,l,1,1,[lava],to wash,Baptista2019[275]
Cape Verdean São Vicente,Upper Guinea,Portuguese,1838,1975,Slavery,"Wolof, Temne, Mandinka",Laterals,word-medial,l,l,1,1,[kabɛl],hair,Baptista2019[273]
Cape Verdean São Vicente,Upper Guinea,Portuguese,1838,1975,Slavery,"Wolof, Temne, Mandinka",Laterals,word-final,l,l,1,1,[sɔl],sun,Baptista2019[276]
Cape Verdean São Vicente,Upper Guinea,Portuguese,1838,1975,Slavery,"Wolof, Temne, Mandinka",Laterals,word-medial,ʎ,d̠ʒ,1,0,[mud̠ʒɛr],woman,Baptista2019[268]
Cape Verdean São Vicente,Upper Guinea,Portuguese,1838,1975,Slavery,"Wolof, Temne, Mandinka",Nasals,word-initial,m,m,1,1,[mud̠ʒɛr],woman,Baptista2019[268]
Cape Verdean São Vicente,Upper Guinea,Portuguese,1838,1975,Slavery,"Wolof, Temne, Mandinka",Nasals,word-medial,m,m,1,1,[nom],name,Baptista2019[268]
Cape Verdean São Vicente,Upper Guinea,Portuguese,1838,1975,Slavery,"Wolof, Temne, Mandinka",Nasals,word-initial,n,n,1,1,[nom],name,Baptista2019[268]
Cape Verdean São Vicente,Upper Guinea,Portuguese,1838,1975,Slavery,"Wolof, Temne, Mandinka",Nasals,word-medial,n,n,1,1,[pɛna],feather,Baptista2019[268]
Cape Verdean São Vicente,Upper Guinea,Portuguese,1838,1975,Slavery,"Wolof, Temne, Mandinka",Nasals,word-medial,ɲ,ɲ,1,1,[kziɲa],a little,Baptista2019[268]
Korlai,Nortern India,Portuguese,1520,1640,Commerce,Marathi,Stops,word-initial,p,p,1,1,[pɛn],feather,Clements2012[39]
Korlai,Nortern India,Portuguese,1520,1640,Commerce,Marathi,Stops,word-medial,p,p,1,1,[trip],guts,Clements2012[40]
Korlai,Nortern India,Portuguese,1520,1640,Commerce,Marathi,Stops,word-initial,b,bʰ,1,0,[bʰarig],belly,Clements2012[37]
Korlai,Nortern India,Portuguese,1520,1640,Commerce,Marathi,Stops,word-medial,b,b,1,1,[kabel],hair,Clements2012[40]
Korlai,Nortern India,Portuguese,1520,1640,Commerce,Marathi,Stops,word-initial,t,t,1,1,[tud],everything,Clements2012[37]
Korlai,Nortern India,Portuguese,1520,1640,Commerce,Marathi,Stops,word-medial,t,t,1,1,[mata],to kill,Clements2012[41]
Korlai,Nortern India,Portuguese,1520,1640,Commerce,Marathi,Stops,word-initial,d,d,1,1,[di],day,Clements2012[38]
Korlai,Nortern India,Portuguese,1520,1640,Commerce,Marathi,Stops,word-medial,d,d,1,1,[tud],everything,Clements2012[37]
Korlai,Nortern India,Portuguese,1520,1640,Commerce,Marathi,Stops,word-initial,k,k,1,1,[kabel],hair,Clements2012[40]
Korlai,Nortern India,Portuguese,1520,1640,Commerce,Marathi,Stops,word-medial,k,k,1,1,[sek],dry,Clements2012[38]
Korlai,Nortern India,Portuguese,1520,1640,Commerce,Marathi,Stops,word-initial,g,g,1,1,[gros],fat,Clements2012[45]
Korlai,Nortern India,Portuguese,1520,1640,Commerce,Marathi,Stops,word-medial,g,g,1,1,[bʰarig],belly,Clements2012[37]
Korlai,Nortern India,Portuguese,1520,1640,Commerce,Marathi,Fricatives,word-initial,v,ʋ,1,0,[ʋɛl],old,Clements2012[42]
Korlai,Nortern India,Portuguese,1520,1640,Commerce,Marathi,Fricatives,word-medial,v,ʋ,1,0,[laʋa],to wash,Clements2012[45]
Korlai,Nortern India,Portuguese,1520,1640,Commerce,Marathi,Fricatives,word-initial,f,f,1,1,[fog],fire,Clements2012[39]
Korlai,Nortern India,Portuguese,1520,1640,Commerce,Marathi,Fricatives,word-medial,f,NA,NA,NA,NA,NA,NA
Korlai,Nortern India,Portuguese,1520,1640,Commerce,Marathi,Fricatives,word-initial,s,s,1,1,[sudz],dirty,Clements2012[38]
Korlai,Nortern India,Portuguese,1520,1640,Commerce,Marathi,Fricatives,word-medial,s,s,1,1,[gros],thick,Clements2012[45]
Korlai,Nortern India,Portuguese,1520,1640,Commerce,Marathi,Fricatives,word-initial,z,NA,NA,NA,NA,NA,NA
Korlai,Nortern India,Portuguese,1520,1640,Commerce,Marathi,Fricatives,word-medial,z,dz,1,0,[adz],wing,Clements2012[46]
Korlai,Nortern India,Portuguese,1520,1640,Commerce,Marathi,Fricatives,word-initial,t̠ʃ,t̠ʃ,1,1,[t̠ʃer ʋi],to smell,Clements2012[44]
Korlai,Nortern India,Portuguese,1520,1640,Commerce,Marathi,Fricatives,word-medial,t̠ʃ,t̠ʃ,1,1,[bit̠ʃ],animal,Clements2012[46]
Korlai,Nortern India,Portuguese,1520,1640,Commerce,Marathi,Fricatives,word-initial,ʒ,NA,NA,NA,NA,NA,NA
Korlai,Nortern India,Portuguese,1520,1640,Commerce,Marathi,Fricatives,word-medial,ʒ,dz,0,0,[sudz],dirty,Clements2012[38]
Korlai,Nortern India,Portuguese,1520,1640,Commerce,Marathi,Rhotics,word-medial,ɾ,r,1,1,[t̠ʃer ʋi],to smell,Clements2012[44]
Korlai,Nortern India,Portuguese,1520,1640,Commerce,Marathi,Rhotics,word-final,ɾ,r,1,1,[mulɛr],woman,Clements2012[46]
Korlai,Nortern India,Portuguese,1520,1640,Commerce,Marathi,Rhotics,word-initial,r,rʰ,1,0,[rʰab],tail,Clements2012[45]
Korlai,Nortern India,Portuguese,1520,1640,Commerce,Marathi,Rhotics,word-medial,r,r,1,1,[bʰarig],belly,Clements2012[37]
Korlai,Nortern India,Portuguese,1520,1640,Commerce,Marathi,Laterals,word-initial,l,l,1,1,[laʋa],to wash,Clements2012[45]
Korlai,Nortern India,Portuguese,1520,1640,Commerce,Marathi,Laterals,word-medial,l,l,1,1,[kabel],hair,Clements2012[40]
Korlai,Nortern India,Portuguese,1520,1640,Commerce,Marathi,Laterals,word-final,l,l,1,1,[sɔl],sun,Clements2012[45]
Korlai,Nortern India,Portuguese,1520,1640,Commerce,Marathi,Laterals,word-medial,ʎ,l,0,1,[mulɛr],woman,Clements2012[46]
Korlai,Nortern India,Portuguese,1520,1640,Commerce,Marathi,Nasals,word-initial,m,m,1,1,[mulɛr],woman,Clements2012[46]
Korlai,Nortern India,Portuguese,1520,1640,Commerce,Marathi,Nasals,word-medial,m,m,1,1,[nom],name,Clements2012[41]
Korlai,Nortern India,Portuguese,1520,1640,Commerce,Marathi,Nasals,word-initial,n,n,1,1,[nom],name,Clements2012[42]
Korlai,Nortern India,Portuguese,1520,1640,Commerce,Marathi,Nasals,word-medial,n,n,1,1,[pɛn],feather,Clements2012[39]
Korlai,Nortern India,Portuguese,1520,1640,Commerce,Marathi,Nasals,word-medial,ɲ,∅,0,0,[kami],road,Clements2012[43]
Daman,Nortern India,Portuguese,1540,1740,Commerce,Gujarati,Stops,word-initial,p,p,1,1,[pɛn],feather,Clements2012[39]
Daman,Nortern India,Portuguese,1540,1740,Commerce,Gujarati,Stops,word-medial,p,p,1,1,[trip],guts,Clements2012[40]
Daman,Nortern India,Portuguese,1540,1740,Commerce,Gujarati,Stops,word-initial,b,b,1,1,[barig],belly,Clements2012[37]
Daman,Nortern India,Portuguese,1540,1740,Commerce,Gujarati,Stops,word-medial,b,b,1,1,[kabil],hair,Clements2012[40]
Daman,Nortern India,Portuguese,1540,1740,Commerce,Gujarati,Stops,word-initial,t,t,1,1,[tud],everything,Clements2012[37]
Daman,Nortern India,Portuguese,1540,1740,Commerce,Gujarati,Stops,word-medial,t,t,1,1,[mata],to kill,Clements2012[41]
Daman,Nortern India,Portuguese,1540,1740,Commerce,Gujarati,Stops,word-initial,d,d,1,1,[di],day,Clements2012[38]
Daman,Nortern India,Portuguese,1540,1740,Commerce,Gujarati,Stops,word-medial,d,d,1,1,[tud],everything,Clements2012[37]
Daman,Nortern India,Portuguese,1540,1740,Commerce,Gujarati,Stops,word-initial,k,k,1,1,[kabil],hair,Clements2012[40]
Daman,Nortern India,Portuguese,1540,1740,Commerce,Gujarati,Stops,word-medial,k,k,1,1,[sek],dry,Clements2012[38]
Daman,Nortern India,Portuguese,1540,1740,Commerce,Gujarati,Stops,word-initial,g,g,1,1,[gros],fat,Clements2012[45]
Daman,Nortern India,Portuguese,1540,1740,Commerce,Gujarati,Stops,word-medial,g,g,1,1,[barig],belly,Clements2012[37]
Daman,Nortern India,Portuguese,1540,1740,Commerce,Gujarati,Fricatives,word-initial,v,ʋ,1,0,[ʋɛʎ],old,Clements2012[42]
Daman,Nortern India,Portuguese,1540,1740,Commerce,Gujarati,Fricatives,word-medial,v,ʋ,1,0,[laʋa],to wash,Clements2012[45]
Daman,Nortern India,Portuguese,1540,1740,Commerce,Gujarati,Fricatives,word-initial,f,f,1,1,[fog],fire,Clements2012[39]
Daman,Nortern India,Portuguese,1540,1740,Commerce,Gujarati,Fricatives,word-medial,f,NA,NA,NA,NA,NA,NA
Daman,Nortern India,Portuguese,1540,1740,Commerce,Gujarati,Fricatives,word-initial,s,s,1,1,[sudz],dirty,Clements2012[38]
Daman,Nortern India,Portuguese,1540,1740,Commerce,Gujarati,Fricatives,word-medial,s,s,1,1,[gros],thick,Clements2012[45]
Daman,Nortern India,Portuguese,1540,1740,Commerce,Gujarati,Fricatives,word-initial,z,NA,NA,NA,NA,NA,NA
Daman,Nortern India,Portuguese,1540,1740,Commerce,Gujarati,Fricatives,word-medial,z,z,1,1,[az],wing,Clements2012[46]
Daman,Nortern India,Portuguese,1540,1740,Commerce,Gujarati,Fricatives,word-initial,t̠ʃ,t̠ʃ,1,1,[t̠ʃer],to smell,Clements2012[44]
Daman,Nortern India,Portuguese,1540,1740,Commerce,Gujarati,Fricatives,word-medial,t̠ʃ,t̠ʃ,1,1,[bit̠ʃ],animal,Clements2012[46]
Daman,Nortern India,Portuguese,1540,1740,Commerce,Gujarati,Fricatives,word-initial,ʒ,dz,0,0,[d̠ʒel],ice,Clements2012[40]
Daman,Nortern India,Portuguese,1540,1740,Commerce,Gujarati,Fricatives,word-medial,ʒ,dz,0,0,[sudz],dirty,Clements2012[38]
Daman,Nortern India,Portuguese,1540,1740,Commerce,Gujarati,Rhotics,word-medial,ɾ,r,1,1,[t̠ʃer],to smell,Clements2012[44]
Daman,Nortern India,Portuguese,1540,1740,Commerce,Gujarati,Rhotics,word-final,ɾ,r,1,1,[muʎer],woman,Clements2012[46]
Daman,Nortern India,Portuguese,1540,1740,Commerce,Gujarati,Rhotics,word-initial,r,ʀ,0,1,[ʀab],tail,Clements2012[45]
Daman,Nortern India,Portuguese,1540,1740,Commerce,Gujarati,Rhotics,word-medial,r,r,1,1,[barig],belly,Clements2012[37]
Daman,Nortern India,Portuguese,1540,1740,Commerce,Gujarati,Laterals,word-initial,l,l,1,1,[laʋa],to wash,Clements2012[45]
Daman,Nortern India,Portuguese,1540,1740,Commerce,Gujarati,Laterals,word-medial,l,l,1,1,[kabil],hair,Clements2012[40]
Daman,Nortern India,Portuguese,1540,1740,Commerce,Gujarati,Laterals,word-final,l,l,1,1,[sɔl],sun,Clements2012[45]
Daman,Nortern India,Portuguese,1540,1740,Commerce,Gujarati,Laterals,word-medial,ʎ,ʎ,1,1,[muʎer],woman,Clements2012[46]
Daman,Nortern India,Portuguese,1540,1740,Commerce,Gujarati,Nasals,word-initial,m,m,1,1,[muʎer],woman,Clements2012[46]
Daman,Nortern India,Portuguese,1540,1740,Commerce,Gujarati,Nasals,word-medial,m,m,1,1,[nom],name,Clements2012[41]
Daman,Nortern India,Portuguese,1540,1740,Commerce,Gujarati,Nasals,word-initial,n,n,1,1,[nom],name,Clements2012[42]
Daman,Nortern India,Portuguese,1540,1740,Commerce,Gujarati,Nasals,word-medial,n,n,1,1,[pɛn],feather,Clements2012[39]
Daman,Nortern India,Portuguese,1540,1740,Commerce,Gujarati,Nasals,word-medial,ɲ,ɲ,1,1,[kamiɲ],road,Clements2012[43]
Diu,Nortern India,Portuguese,1540,1740,Commerce,Gujarati,Stops,word-initial,p,p,1,1,[pɛn],feather,Clements2012[39]
Diu,Nortern India,Portuguese,1540,1740,Commerce,Gujarati,Stops,word-medial,p,p,1,1,[trip],guts,Clements2012[40]
Diu,Nortern India,Portuguese,1540,1740,Commerce,Gujarati,Stops,word-initial,b,b,1,1,[barig],belly,Clements2012[37]
Diu,Nortern India,Portuguese,1540,1740,Commerce,Gujarati,Stops,word-medial,b,b,1,1,[kabel],hair,Clements2012[40]
Diu,Nortern India,Portuguese,1540,1740,Commerce,Gujarati,Stops,word-initial,t,t,1,1,[tud],everything,Clements2012[37]
Diu,Nortern India,Portuguese,1540,1740,Commerce,Gujarati,Stops,word-medial,t,t,1,1,[mata],to kill,Clements2012[41]
Diu,Nortern India,Portuguese,1540,1740,Commerce,Gujarati,Stops,word-initial,d,d,1,1,[di],day,Clements2012[38]
Diu,Nortern India,Portuguese,1540,1740,Commerce,Gujarati,Stops,word-medial,d,d,1,1,[tud],everything,Clements2012[37]
Diu,Nortern India,Portuguese,1540,1740,Commerce,Gujarati,Stops,word-initial,k,k,1,1,[kabel],hair,Clements2012[40]
Diu,Nortern India,Portuguese,1540,1740,Commerce,Gujarati,Stops,word-medial,k,k,1,1,[sek],dry,Clements2012[38]
Diu,Nortern India,Portuguese,1540,1740,Commerce,Gujarati,Stops,word-initial,g,g,1,1,[gros],fat,Clements2012[45]
Diu,Nortern India,Portuguese,1540,1740,Commerce,Gujarati,Stops,word-medial,g,g,1,1,[barig],belly,Clements2012[37]
Diu,Nortern India,Portuguese,1540,1740,Commerce,Gujarati,Fricatives,word-initial,v,ʋ,1,0,[ʋɛj],old,Clements2012[42]
Diu,Nortern India,Portuguese,1540,1740,Commerce,Gujarati,Fricatives,word-medial,v,ʋ,1,0,[laʋa],to wash,Clements2012[45]
Diu,Nortern India,Portuguese,1540,1740,Commerce,Gujarati,Fricatives,word-initial,f,f,1,1,[fog],fire,Clements2012[39]
Diu,Nortern India,Portuguese,1540,1740,Commerce,Gujarati,Fricatives,word-medial,f,NA,NA,NA,NA,NA,NA
Diu,Nortern India,Portuguese,1540,1740,Commerce,Gujarati,Fricatives,word-initial,s,s,1,1,[sudz],dirty,Clements2012[38]
Diu,Nortern India,Portuguese,1540,1740,Commerce,Gujarati,Fricatives,word-medial,s,s,1,1,[gros],thick,Clements2012[45]
Diu,Nortern India,Portuguese,1540,1740,Commerce,Gujarati,Fricatives,word-initial,z,NA,NA,NA,NA,NA,NA
Diu,Nortern India,Portuguese,1540,1740,Commerce,Gujarati,Fricatives,word-medial,z,z,1,1,[az],wing,Clements2012[46]
Diu,Nortern India,Portuguese,1540,1740,Commerce,Gujarati,Fricatives,word-initial,t̠ʃ,t̠ʃ,1,1,[t̠ʃer],to smell,Clements2012[44]
Diu,Nortern India,Portuguese,1540,1740,Commerce,Gujarati,Fricatives,word-medial,t̠ʃ,t̠ʃ,1,1,[bit̠ʃ],animal,Clements2012[46]
Diu,Nortern India,Portuguese,1540,1740,Commerce,Gujarati,Fricatives,word-initial,ʒ,dz,0,0,[dzel],ice,Clements2012[40]
Diu,Nortern India,Portuguese,1540,1740,Commerce,Gujarati,Fricatives,word-medial,ʒ,dz,0,0,[sudz],dirty,Clements2012[38]
Diu,Nortern India,Portuguese,1540,1740,Commerce,Gujarati,Rhotics,word-medial,ɾ,r,1,1,[t̠ʃer],to smell,Clements2012[44]
Diu,Nortern India,Portuguese,1540,1740,Commerce,Gujarati,Rhotics,word-final,ɾ,r,1,1,[mujɛr],woman,Clements2012[46]
Diu,Nortern India,Portuguese,1540,1740,Commerce,Gujarati,Rhotics,word-initial,r,r,1,1,[rab],tail,Clements2012[45]
Diu,Nortern India,Portuguese,1540,1740,Commerce,Gujarati,Rhotics,word-medial,r,r,1,1,[barig],belly,Clements2012[37]
Diu,Nortern India,Portuguese,1540,1740,Commerce,Gujarati,Laterals,word-initial,l,l,1,1,[laʋa],to wash,Clements2012[45]
Diu,Nortern India,Portuguese,1540,1740,Commerce,Gujarati,Laterals,word-medial,l,l,1,1,[kabel],hair,Clements2012[40]
Diu,Nortern India,Portuguese,1540,1740,Commerce,Gujarati,Laterals,word-final,l,l,1,1,[sɔl],sun,Clements2012[45]
Diu,Nortern India,Portuguese,1540,1740,Commerce,Gujarati,Laterals,word-medial,ʎ,j,1,0,[mujɛr],woman,Clements2012[46]
Diu,Nortern India,Portuguese,1540,1740,Commerce,Gujarati,Nasals,word-initial,m,m,1,1,[mujɛr],woman,Clements2012[46]
Diu,Nortern India,Portuguese,1540,1740,Commerce,Gujarati,Nasals,word-medial,m,m,1,1,[nom],name,Clements2012[41]
Diu,Nortern India,Portuguese,1540,1740,Commerce,Gujarati,Nasals,word-initial,n,n,1,1,[nom],name,Clements2012[42]
Diu,Nortern India,Portuguese,1540,1740,Commerce,Gujarati,Nasals,word-medial,n,n,1,1,[pɛn],feather,Clements2012[39]
Diu,Nortern India,Portuguese,1540,1740,Commerce,Gujarati,Nasals,word-medial,ɲ,ŋ,0,1,[kamiŋ],road,Clements2012[43]
Sri Lanka,Southern India,Portuguese,1505,1658,Commerce,"Sinhala, Tamil",Stops,word-initial,p,p,1,1,[pɛːna],feather,Clements2012[39]
Sri Lanka,Southern India,Portuguese,1505,1658,Commerce,"Sinhala, Tamil",Stops,word-medial,p,p,1,1,[triːpa],guts,Clements2012[40]
Sri Lanka,Southern India,Portuguese,1505,1658,Commerce,"Sinhala, Tamil",Stops,word-initial,b,b,1,1,[bariːja],belly,Clements2012[37]
Sri Lanka,Southern India,Portuguese,1505,1658,Commerce,"Sinhala, Tamil",Stops,word-medial,b,b,1,1,[kabeːl],hair,Clements2012[40]
Sri Lanka,Southern India,Portuguese,1505,1658,Commerce,"Sinhala, Tamil",Stops,word-initial,t,t,1,1,[tuːdu],everything,Clements2012[37]
Sri Lanka,Southern India,Portuguese,1505,1658,Commerce,"Sinhala, Tamil",Stops,word-medial,t,t,1,1,[mataː],to kill,Clements2012[41]
Sri Lanka,Southern India,Portuguese,1505,1658,Commerce,"Sinhala, Tamil",Stops,word-initial,d,d,1,1,[diːja],day,Clements2012[38]
Sri Lanka,Southern India,Portuguese,1505,1658,Commerce,"Sinhala, Tamil",Stops,word-medial,d,d,1,1,[tudu],everything,Clements2012[37]
Sri Lanka,Southern India,Portuguese,1505,1658,Commerce,"Sinhala, Tamil",Stops,word-initial,k,k,1,1,[kabeːl],hair,Clements2012[40]
Sri Lanka,Southern India,Portuguese,1505,1658,Commerce,"Sinhala, Tamil",Stops,word-medial,k,k,1,1,[sɛːku],dry,Clements2012[38]
Sri Lanka,Southern India,Portuguese,1505,1658,Commerce,"Sinhala, Tamil",Stops,word-initial,g,g,1,1,[groːsu],fat,Clements2012[45]
Sri Lanka,Southern India,Portuguese,1505,1658,Commerce,"Sinhala, Tamil",Stops,word-medial,g,j,0,0,[bariːja],belly,Clements2012[37]
Sri Lanka,Southern India,Portuguese,1505,1658,Commerce,"Sinhala, Tamil",Fricatives,word-initial,v,ʋ,1,0,[ʋɛːj],old,Clements2012[42]
Sri Lanka,Southern India,Portuguese,1505,1658,Commerce,"Sinhala, Tamil",Fricatives,word-medial,v,ʋ,1,0,[laʋaː],to wash,Clements2012[45]
Sri Lanka,Southern India,Portuguese,1505,1658,Commerce,"Sinhala, Tamil",Fricatives,word-initial,f,f,1,1,[foːʋ],fire,Clements2012[39]
Sri Lanka,Southern India,Portuguese,1505,1658,Commerce,"Sinhala, Tamil",Fricatives,word-medial,f,NA,NA,NA,NA,NA,NA
Sri Lanka,Southern India,Portuguese,1505,1658,Commerce,"Sinhala, Tamil",Fricatives,word-initial,s,s,1,1,[suːj],dirty,Clements2012[38]
Sri Lanka,Southern India,Portuguese,1505,1658,Commerce,"Sinhala, Tamil",Fricatives,word-medial,s,s,1,1,[groːsu],thick,Clements2012[45]
Sri Lanka,Southern India,Portuguese,1505,1658,Commerce,"Sinhala, Tamil",Fricatives,word-initial,z,NA,NA,NA,NA,NA,NA
Sri Lanka,Southern India,Portuguese,1505,1658,Commerce,"Sinhala, Tamil",Fricatives,word-medial,z,s,1,1,[aːsa],wing,Clements2012[46]
Sri Lanka,Southern India,Portuguese,1505,1658,Commerce,"Sinhala, Tamil",Fricatives,word-initial,t̠ʃ,t̠ʃ,1,1,[t̠ʃeraː],to smell,Clements2012[44]
Sri Lanka,Southern India,Portuguese,1505,1658,Commerce,"Sinhala, Tamil",Fricatives,word-medial,t̠ʃ,t̠ʃ,1,1,[biːt̠ʃi],animal,Clements2012[46]
Sri Lanka,Southern India,Portuguese,1505,1658,Commerce,"Sinhala, Tamil",Fricatives,word-initial,ʒ,NA,NA,NA,NA,NA,NA
Sri Lanka,Southern India,Portuguese,1505,1658,Commerce,"Sinhala, Tamil",Fricatives,word-medial,ʒ,j,1,0,[suːj],dirty,Clements2012[38]
Sri Lanka,Southern India,Portuguese,1505,1658,Commerce,"Sinhala, Tamil",Rhotics,word-medial,ɾ,r,1,1,[t̠ʃeraː],to smell,Clements2012[44]
Sri Lanka,Southern India,Portuguese,1505,1658,Commerce,"Sinhala, Tamil",Rhotics,word-final,ɾ,r,1,1,[mujeːra],woman,Clements2012[46]
Sri Lanka,Southern India,Portuguese,1505,1658,Commerce,"Sinhala, Tamil",Rhotics,word-initial,r,r,1,1,[raʋ],tail,Clements2012[45]
Sri Lanka,Southern India,Portuguese,1505,1658,Commerce,"Sinhala, Tamil",Rhotics,word-medial,r,r,1,1,[bariːja],belly,Clements2012[37]
Sri Lanka,Southern India,Portuguese,1505,1658,Commerce,"Sinhala, Tamil",Laterals,word-initial,l,l,1,1,[laʋaː],to wash,Clements2012[45]
Sri Lanka,Southern India,Portuguese,1505,1658,Commerce,"Sinhala, Tamil",Laterals,word-medial,l,l,1,1,[kabeːl],hair,Clements2012[40]
Sri Lanka,Southern India,Portuguese,1505,1658,Commerce,"Sinhala, Tamil",Laterals,word-final,l,l,1,1,[sɔːl],sun,Clements2012[45]
Sri Lanka,Southern India,Portuguese,1505,1658,Commerce,"Sinhala, Tamil",Laterals,word-medial,ʎ,j,1,0,[mujeːra],woman,Clements2012[46]
Sri Lanka,Southern India,Portuguese,1505,1658,Commerce,"Sinhala, Tamil",Nasals,word-initial,m,m,1,1,[mujeːra],woman,Clements2012[46]
Sri Lanka,Southern India,Portuguese,1505,1658,Commerce,"Sinhala, Tamil",Nasals,word-medial,m,m,1,1,[nɔːmi],name,Clements2012[41]
Sri Lanka,Southern India,Portuguese,1505,1658,Commerce,"Sinhala, Tamil",Nasals,word-initial,n,n,1,1,[nɔːmi],name,Clements2012[42]
Sri Lanka,Southern India,Portuguese,1505,1658,Commerce,"Sinhala, Tamil",Nasals,word-medial,n,n,1,1,[pɛːna],feather,Clements2012[39]
Sri Lanka,Southern India,Portuguese,1505,1658,Commerce,"Sinhala, Tamil",Nasals,word-medial,ɲ,m,0,1,[kamiːm],road,Clements2012[43]
Kannur,Southern India,Portuguese,1505,1663,Commerce,Malayalam,Stops,word-initial,p,p,1,1,[pænə],feather,Clements2012[39]
Kannur,Southern India,Portuguese,1505,1663,Commerce,Malayalam,Stops,word-medial,p,p,1,1,[tripə],guts,Clements2012[40]
Kannur,Southern India,Portuguese,1505,1663,Commerce,Malayalam,Stops,word-initial,b,b,1,1,[barrigə],belly,Clements2012[37]
Kannur,Southern India,Portuguese,1505,1663,Commerce,Malayalam,Stops,word-medial,b,b,1,1,[kabeli],hair,Clements2012[40]
Kannur,Southern India,Portuguese,1505,1663,Commerce,Malayalam,Stops,word-initial,t,t,1,1,[tudə],everything,Clements2012[37]
Kannur,Southern India,Portuguese,1505,1663,Commerce,Malayalam,Stops,word-medial,t,t,1,1,[matæ],to kill,Clements2012[41]
Kannur,Southern India,Portuguese,1505,1663,Commerce,Malayalam,Stops,word-initial,d,d,1,1,[dijə],day,Clements2012[38]
Kannur,Southern India,Portuguese,1505,1663,Commerce,Malayalam,Stops,word-medial,d,d,1,1,[tudə],everything,Clements2012[37]
Kannur,Southern India,Portuguese,1505,1663,Commerce,Malayalam,Stops,word-initial,k,k,1,1,[kabeli],hair,Clements2012[40]
Kannur,Southern India,Portuguese,1505,1663,Commerce,Malayalam,Stops,word-medial,k,k,1,1,[sækɔ],dry,Clements2012[38]
Kannur,Southern India,Portuguese,1505,1663,Commerce,Malayalam,Stops,word-initial,g,g,1,1,[grosə],fat,Clements2012[45]
Kannur,Southern India,Portuguese,1505,1663,Commerce,Malayalam,Stops,word-medial,g,g,1,1,[barrigə],belly,Clements2012[37]
Kannur,Southern India,Portuguese,1505,1663,Commerce,Malayalam,Fricatives,word-initial,v,ʋ,1,0,[ʋæli],old,Clements2012[42]
Kannur,Southern India,Portuguese,1505,1663,Commerce,Malayalam,Fricatives,word-medial,v,ʋ,1,0,[ləʋə],to wash,Clements2012[45]
Kannur,Southern India,Portuguese,1505,1663,Commerce,Malayalam,Fricatives,word-initial,f,f,1,1,[fogə],fire,Clements2012[39]
Kannur,Southern India,Portuguese,1505,1663,Commerce,Malayalam,Fricatives,word-medial,f,NA,NA,NA,NA,NA,NA
Kannur,Southern India,Portuguese,1505,1663,Commerce,Malayalam,Fricatives,word-initial,s,s,1,1,[sudzi],dirty,Clements2012[38]
Kannur,Southern India,Portuguese,1505,1663,Commerce,Malayalam,Fricatives,word-medial,s,s,1,1,[grosə],thick,Clements2012[45]
Kannur,Southern India,Portuguese,1505,1663,Commerce,Malayalam,Fricatives,word-initial,z,NA,NA,NA,NA,NA,NA
Kannur,Southern India,Portuguese,1505,1663,Commerce,Malayalam,Fricatives,word-medial,z,z,1,1,[azə],wing,Clements2012[46]
Kannur,Southern India,Portuguese,1505,1663,Commerce,Malayalam,Fricatives,word-initial,t̠ʃ,t̠ʃ,1,1,[t̠ʃerə],to smell,Clements2012[44]
Kannur,Southern India,Portuguese,1505,1663,Commerce,Malayalam,Fricatives,word-medial,t̠ʃ,NA,NA,NA,NA,NA,NA
Kannur,Southern India,Portuguese,1505,1663,Commerce,Malayalam,Fricatives,word-initial,ʒ,NA,NA,NA,NA,NA,NA
Kannur,Southern India,Portuguese,1505,1663,Commerce,Malayalam,Fricatives,word-medial,ʒ,dz,0,0,[sudzi],dirty,Clements2012[38]
Kannur,Southern India,Portuguese,1505,1663,Commerce,Malayalam,Rhotics,word-medial,ɾ,r,1,1,[t̠ʃerə],to smell,Clements2012[44]
Kannur,Southern India,Portuguese,1505,1663,Commerce,Malayalam,Rhotics,word-final,ɾ,r,1,1,[muʎɛrɔ],woman,Clements2012[46]
Kannur,Southern India,Portuguese,1505,1663,Commerce,Malayalam,Rhotics,word-initial,r,r,1,1,[rabə],tail,Clements2012[45]
Kannur,Southern India,Portuguese,1505,1663,Commerce,Malayalam,Rhotics,word-medial,r,ʀ,0,1,[baRigə],belly,Clements2012[37]
Kannur,Southern India,Portuguese,1505,1663,Commerce,Malayalam,Laterals,word-initial,l,l,1,1,[ləʋə],to wash,Clements2012[45]
Kannur,Southern India,Portuguese,1505,1663,Commerce,Malayalam,Laterals,word-medial,l,l,1,1,[kabeli],hair,Clements2012[40]
Kannur,Southern India,Portuguese,1505,1663,Commerce,Malayalam,Laterals,word-final,l,l,1,1,[sɔl],sun,Clements2012[45]
Kannur,Southern India,Portuguese,1505,1663,Commerce,Malayalam,Laterals,word-medial,ʎ,ʎ,1,1,[muʎɛrɔ],woman,Clements2012[46]
Kannur,Southern India,Portuguese,1505,1663,Commerce,Malayalam,Nasals,word-initial,m,m,1,1,[muʎɛrɔ],woman,Clements2012[46]
Kannur,Southern India,Portuguese,1505,1663,Commerce,Malayalam,Nasals,word-medial,m,m,1,1,[nɔmi],name,Clements2012[41]
Kannur,Southern India,Portuguese,1505,1663,Commerce,Malayalam,Nasals,word-initial,n,n,1,1,[nɔmi],name,Clements2012[42]
Kannur,Southern India,Portuguese,1505,1663,Commerce,Malayalam,Nasals,word-medial,n,n,1,1,[pænə],feather,Clements2012[39]
Kannur,Southern India,Portuguese,1505,1663,Commerce,Malayalam,Nasals,word-medial,ɲ,ɲ,1,1,[kamiɲə],road,Clements2012[43]
Papiá Kristang,Southeast Asia,Portuguese,1511,1641,Commerce,"Standard Malay, Hokkien Chinese",Stops,word-initial,p,p,1,1,[pɛna],feather,BaxterSilva2004[71]
Papiá Kristang,Southeast Asia,Portuguese,1511,1641,Commerce,"Standard Malay, Hokkien Chinese",Stops,word-medial,p,p,1,1,[tripa],guts,BaxterSilva2004[119]
Papiá Kristang,Southeast Asia,Portuguese,1511,1641,Commerce,"Standard Malay, Hokkien Chinese",Stops,word-initial,b,b,1,1,[bariga],belly,BaxterSilva2004[12]
Papiá Kristang,Southeast Asia,Portuguese,1511,1641,Commerce,"Standard Malay, Hokkien Chinese",Stops,word-medial,b,b,1,1,[kabelu],hair,BaxterSilva2004[42]
Papiá Kristang,Southeast Asia,Portuguese,1511,1641,Commerce,"Standard Malay, Hokkien Chinese",Stops,word-initial,t,t,1,1,[tudu],everything,BaxterSilva2004[89]
Papiá Kristang,Southeast Asia,Portuguese,1511,1641,Commerce,"Standard Malay, Hokkien Chinese",Stops,word-medial,t,t,1,1,[mata],to kill,BaxterSilva2004[60]
Papiá Kristang,Southeast Asia,Portuguese,1511,1641,Commerce,"Standard Malay, Hokkien Chinese",Stops,word-initial,d,d,1,1,[dia],day,BaxterSilva2004[25]
Papiá Kristang,Southeast Asia,Portuguese,1511,1641,Commerce,"Standard Malay, Hokkien Chinese",Stops,word-medial,d,d,1,1,[tudu],everything,BaxterSilva2004[89]
Papiá Kristang,Southeast Asia,Portuguese,1511,1641,Commerce,"Standard Malay, Hokkien Chinese",Stops,word-initial,k,k,1,1,[kabelu],hair,BaxterSilva2004[42]
Papiá Kristang,Southeast Asia,Portuguese,1511,1641,Commerce,"Standard Malay, Hokkien Chinese",Stops,word-medial,k,k,1,1,[seku],dry,BaxterSilva2004[80]
Papiá Kristang,Southeast Asia,Portuguese,1511,1641,Commerce,"Standard Malay, Hokkien Chinese",Stops,word-initial,g,g,1,1,[grosu],thick,BaxterSilva2004[38]
Papiá Kristang,Southeast Asia,Portuguese,1511,1641,Commerce,"Standard Malay, Hokkien Chinese",Stops,word-medial,g,g,1,1,[bariga],belly,BaxterSilva2004[12]
Papiá Kristang,Southeast Asia,Portuguese,1511,1641,Commerce,"Standard Malay, Hokkien Chinese",Fricatives,word-initial,v,b,0,0,[bɛlu],old,BaxterSilva2004[13]
Papiá Kristang,Southeast Asia,Portuguese,1511,1641,Commerce,"Standard Malay, Hokkien Chinese",Fricatives,word-medial,v,b,0,0,[laba],to wash,BaxterSilva2004[54]
Papiá Kristang,Southeast Asia,Portuguese,1511,1641,Commerce,"Standard Malay, Hokkien Chinese",Fricatives,word-initial,f,f,1,1,[fogu],fire,BaxterSilva2004[32]
Papiá Kristang,Southeast Asia,Portuguese,1511,1641,Commerce,"Standard Malay, Hokkien Chinese",Fricatives,word-medial,f,f,1,1,[alfada],pillow,BaxterSilva2004[130]
Papiá Kristang,Southeast Asia,Portuguese,1511,1641,Commerce,"Standard Malay, Hokkien Chinese",Fricatives,word-initial,s,s,1,1,[suzu],dirty,BaxterSilva2004[85]
Papiá Kristang,Southeast Asia,Portuguese,1511,1641,Commerce,"Standard Malay, Hokkien Chinese",Fricatives,word-medial,s,s,1,1,[grosu],thick,BaxterSilva2004[38]
Papiá Kristang,Southeast Asia,Portuguese,1511,1641,Commerce,"Standard Malay, Hokkien Chinese",Fricatives,word-initial,z,NA,NA,NA,NA,NA,NA
Papiá Kristang,Southeast Asia,Portuguese,1511,1641,Commerce,"Standard Malay, Hokkien Chinese",Fricatives,word-medial,z,z,1,1,[aza],wing,BaxterSilva2004[10]
Papiá Kristang,Southeast Asia,Portuguese,1511,1641,Commerce,"Standard Malay, Hokkien Chinese",Fricatives,word-initial,t̠ʃ,t̠ʃ,1,1,[t̠ʃera],to smell,BaxterSilva2004[21]
Papiá Kristang,Southeast Asia,Portuguese,1511,1641,Commerce,"Standard Malay, Hokkien Chinese",Fricatives,word-medial,t̠ʃ,t̠ʃ,1,1,[bit̠ʃu],animal,BaxterSilva2004[15]
Papiá Kristang,Southeast Asia,Portuguese,1511,1641,Commerce,"Standard Malay, Hokkien Chinese",Fricatives,word-initial,ʒ,d̠ʒ,1,0,[d̠ʒũtu],next to,BaxterSilva2004[42]
Papiá Kristang,Southeast Asia,Portuguese,1511,1641,Commerce,"Standard Malay, Hokkien Chinese",Fricatives,word-medial,ʒ,z,0,1,[suzu],dirty,BaxterSilva2004[85]
Papiá Kristang,Southeast Asia,Portuguese,1511,1641,Commerce,"Standard Malay, Hokkien Chinese",Rhotics,word-medial,ɾ,r,1,1,[t̠ʃera],to smell,BaxterSilva2004[21]
Papiá Kristang,Southeast Asia,Portuguese,1511,1641,Commerce,"Standard Malay, Hokkien Chinese",Rhotics,word-final,ɾ,Ø,0,0,[mulɛ],woman,BaxterSilva2004[62]
Papiá Kristang,Southeast Asia,Portuguese,1511,1641,Commerce,"Standard Malay, Hokkien Chinese",Rhotics,word-initial,r,r,1,1,[rabu],tail,BaxterSilva2004[76]
Papiá Kristang,Southeast Asia,Portuguese,1511,1641,Commerce,"Standard Malay, Hokkien Chinese",Rhotics,word-medial,r,r,1,1,[bariga],belly,BaxterSilva2004[12]
Papiá Kristang,Southeast Asia,Portuguese,1511,1641,Commerce,"Standard Malay, Hokkien Chinese",Laterals,word-initial,l,l,1,1,[laba],to wash,BaxterSilva2004[54]
Papiá Kristang,Southeast Asia,Portuguese,1511,1641,Commerce,"Standard Malay, Hokkien Chinese",Laterals,word-medial,l,l,1,1,[kabelu],hair,BaxterSilva2004[42]
Papiá Kristang,Southeast Asia,Portuguese,1511,1641,Commerce,"Standard Malay, Hokkien Chinese",Laterals,word-final,l,l,1,1,[sɔl],sun,BaxterSilva2004[83]
Papiá Kristang,Southeast Asia,Portuguese,1511,1641,Commerce,"Standard Malay, Hokkien Chinese",Laterals,word-medial,ʎ,l,0,1,[mulɛ],woman,BaxterSilva2004[62]
Papiá Kristang,Southeast Asia,Portuguese,1511,1641,Commerce,"Standard Malay, Hokkien Chinese",Nasals,word-initial,m,m,1,1,[mulɛ],woman,BaxterSilva2004[62]
Papiá Kristang,Southeast Asia,Portuguese,1511,1641,Commerce,"Standard Malay, Hokkien Chinese",Nasals,word-medial,m,m,1,1,[nɔmi],name,BaxterSilva2004[65]
Papiá Kristang,Southeast Asia,Portuguese,1511,1641,Commerce,"Standard Malay, Hokkien Chinese",Nasals,word-initial,n,n,1,1,[nɔmi],name,BaxterSilva2004[66]
Papiá Kristang,Southeast Asia,Portuguese,1511,1641,Commerce,"Standard Malay, Hokkien Chinese",Nasals,word-medial,n,n,1,1,[pɛna],feather,BaxterSilva2004[71]
Papiá Kristang,Southeast Asia,Portuguese,1511,1641,Commerce,"Standard Malay, Hokkien Chinese",Nasals,word-medial,ɲ,ɲ,1,1,[kamiɲu],road,BaxterSilva2004[44]
Patua Macau,Eastern Asia,Portuguese,1570,1999,Commerce,"Cantonese, Papiá Kristang",Stops,word-initial,p,p,1,1,[pɛna],feather,Gaiao2019[721]
Patua Macau,Eastern Asia,Portuguese,1570,1999,Commerce,"Cantonese, Papiá Kristang",Stops,word-medial,p,p,1,1,[impɔstɔ],vain,FernandesBaxter2004[100]
Patua Macau,Eastern Asia,Portuguese,1570,1999,Commerce,"Cantonese, Papiá Kristang",Stops,word-initial,b,b,1,1,[bariga],belly,FernandesBaxter2004[18]
Patua Macau,Eastern Asia,Portuguese,1570,1999,Commerce,"Cantonese, Papiá Kristang",Stops,word-medial,b,b,1,1,[kabelu],hair,Gaiao2019[175]
Patua Macau,Eastern Asia,Portuguese,1570,1999,Commerce,"Cantonese, Papiá Kristang",Stops,word-initial,t,t,1,1,[teŋ],to have,FernandesBaxter2004[xvii]
Patua Macau,Eastern Asia,Portuguese,1570,1999,Commerce,"Cantonese, Papiá Kristang",Stops,word-medial,t,t,1,1,[mata],to kill,Gaiao2019[593]
Patua Macau,Eastern Asia,Portuguese,1570,1999,Commerce,"Cantonese, Papiá Kristang",Stops,word-initial,d,d,1,1,[dale],to hit,FernandesBaxter2004[xxi]
Patua Macau,Eastern Asia,Portuguese,1570,1999,Commerce,"Cantonese, Papiá Kristang",Stops,word-medial,d,d,1,1,[ɱfada],to bore,FernandesBaxter2004[xxi]
Patua Macau,Eastern Asia,Portuguese,1570,1999,Commerce,"Cantonese, Papiá Kristang",Stops,word-initial,k,k,1,1,[kabelu],hair,Gaiao2019[175]
Patua Macau,Eastern Asia,Portuguese,1570,1999,Commerce,"Cantonese, Papiá Kristang",Stops,word-medial,k,k,1,1,[seku],dry,Gaiao2019[860]
Patua Macau,Eastern Asia,Portuguese,1570,1999,Commerce,"Cantonese, Papiá Kristang",Stops,word-initial,g,g,1,1,[gatu],cat,Oliveira2018[74]
Patua Macau,Eastern Asia,Portuguese,1570,1999,Commerce,"Cantonese, Papiá Kristang",Stops,word-medial,g,g,1,1,[bariga],belly,FernandesBaxter2004[18]
Patua Macau,Eastern Asia,Portuguese,1570,1999,Commerce,"Cantonese, Papiá Kristang",Fricatives,word-initial,v,v,1,1,[veŋ],to come,FernandesBaxter2004[xix]
Patua Macau,Eastern Asia,Portuguese,1570,1999,Commerce,"Cantonese, Papiá Kristang",Fricatives,word-medial,v,v,1,1,[lava],to wash,Gaiao2019[537]
Patua Macau,Eastern Asia,Portuguese,1570,1999,Commerce,"Cantonese, Papiá Kristang",Fricatives,word-initial,f,f,1,1,[fala],speak,FernandesBaxter2004[xviii]
Patua Macau,Eastern Asia,Portuguese,1570,1999,Commerce,"Cantonese, Papiá Kristang",Fricatives,word-medial,f,f,1,1,[ɱfada],to bore,FernandesBaxter2004[xxi]
Patua Macau,Eastern Asia,Portuguese,1570,1999,Commerce,"Cantonese, Papiá Kristang",Fricatives,word-initial,s,s,1,1,[saŋ],to be,FernandesBaxter2004[xviii]
Patua Macau,Eastern Asia,Portuguese,1570,1999,Commerce,"Cantonese, Papiá Kristang",Fricatives,word-medial,s,s,1,1,[korasaŋ],heart,FernandesBaxter2004[xix]
Patua Macau,Eastern Asia,Portuguese,1570,1999,Commerce,"Cantonese, Papiá Kristang",Fricatives,word-initial,z,z,1,1,[zaragata],tumult,FernandesBaxter2004[173]
Patua Macau,Eastern Asia,Portuguese,1570,1999,Commerce,"Cantonese, Papiá Kristang",Fricatives,word-medial,z,z,1,1,[izizi],to demand,FernandesBaxter2004[xix]
Patua Macau,Eastern Asia,Portuguese,1570,1999,Commerce,"Cantonese, Papiá Kristang",Fricatives,word-initial,t̠ʃ,t̠ʃ,1,1,[ʃera],to smell,Gaiao2019[243]
Patua Macau,Eastern Asia,Portuguese,1570,1999,Commerce,"Cantonese, Papiá Kristang",Fricatives,word-medial,t̠ʃ,t̠ʃ,1,1,[biʃu],animal,FernandesBaxter2004[21]
Patua Macau,Eastern Asia,Portuguese,1570,1999,Commerce,"Cantonese, Papiá Kristang",Fricatives,word-initial,ʒ,ɟ,1,0,[ɟɔvi],young,FernandesBaxter2004[94]
Patua Macau,Eastern Asia,Portuguese,1570,1999,Commerce,"Cantonese, Papiá Kristang",Fricatives,word-medial,ʒ,z,0,1,[bezu],kiss,FernandesBaxter2004[xviii]
Patua Macau,Eastern Asia,Portuguese,1570,1999,Commerce,"Cantonese, Papiá Kristang",Rhotics,word-medial,ɾ,r,1,1,[ʃera],to smell,Gaiao2019[243]
Patua Macau,Eastern Asia,Portuguese,1570,1999,Commerce,"Cantonese, Papiá Kristang",Rhotics,word-final,ɾ,Ø,0,0,[mulɛ],woman,FernandesBaxter2004[xix]
Patua Macau,Eastern Asia,Portuguese,1570,1999,Commerce,"Cantonese, Papiá Kristang",Rhotics,word-initial,r,r,1,1,[rabu],tail,Gaiao2019[796]
Patua Macau,Eastern Asia,Portuguese,1570,1999,Commerce,"Cantonese, Papiá Kristang",Rhotics,word-medial,r,r,1,1,[bariga],belly,FernandesBaxter2004[18]
Patua Macau,Eastern Asia,Portuguese,1570,1999,Commerce,"Cantonese, Papiá Kristang",Laterals,word-initial,l,l,1,1,[lava],to wash,Gaiao2019[537]
Patua Macau,Eastern Asia,Portuguese,1570,1999,Commerce,"Cantonese, Papiá Kristang",Laterals,word-medial,l,l,1,1,[kabelu],hair,Gaiao2019[175]
Patua Macau,Eastern Asia,Portuguese,1570,1999,Commerce,"Cantonese, Papiá Kristang",Laterals,word-final,l,w,0,0,[mɛw],honey,FernandesBaxter2004[21]
Patua Macau,Eastern Asia,Portuguese,1570,1999,Commerce,"Cantonese, Papiá Kristang",Laterals,word-medial,ʎ,l,0,1,[mulɛ],woman,FernandesBaxter2004[xix]
Patua Macau,Eastern Asia,Portuguese,1570,1999,Commerce,"Cantonese, Papiá Kristang",Nasals,word-initial,m,m,1,1,[mulɛ],woman,FernandesBaxter2004[xix]
Patua Macau,Eastern Asia,Portuguese,1570,1999,Commerce,"Cantonese, Papiá Kristang",Nasals,word-medial,m,m,1,1,[nomi],name,FernandesBaxter2004[117]
Patua Macau,Eastern Asia,Portuguese,1570,1999,Commerce,"Cantonese, Papiá Kristang",Nasals,word-initial,n,n,1,1,[nomi],name,FernandesBaxter2004[117]
Patua Macau,Eastern Asia,Portuguese,1570,1999,Commerce,"Cantonese, Papiá Kristang",Nasals,word-medial,n,n,1,1,[pɛna],feather,Gaiao2019[721]
Patua Macau,Eastern Asia,Portuguese,1570,1999,Commerce,"Cantonese, Papiá Kristang",Nasals,word-medial,ɲ,ɲ,1,1,[miskiɲu],miserly,FernandesBaxter2004[110]
Timor creole,Southeast Asia,Portuguese,1769,1960,Commerce,"Tetum, Larantuka Malay",Stops,word-initial,p,p,1,1,[‘pesi],fish,Baxter1990[8]
Timor creole,Southeast Asia,Portuguese,1769,1960,Commerce,"Tetum, Larantuka Malay",Stops,word-medial,p,p,1,1,[‘korpu],body,Baxter1990[21]
Timor creole,Southeast Asia,Portuguese,1769,1960,Commerce,"Tetum, Larantuka Malay",Stops,word-initial,b,b,1,1,[baˈriga],belly,Baxter1990[8]
Timor creole,Southeast Asia,Portuguese,1769,1960,Commerce,"Tetum, Larantuka Malay",Stops,word-medial,b,b,1,1,[kaˈbelu],hair,Baxter1990[23]
Timor creole,Southeast Asia,Portuguese,1769,1960,Commerce,"Tetum, Larantuka Malay",Stops,word-initial,t,t,1,1,[‘teŋ],to have,Baxter1990[7]
Timor creole,Southeast Asia,Portuguese,1769,1960,Commerce,"Tetum, Larantuka Malay",Stops,word-medial,t,t,1,1,[‘petu],chest,Baxter1990[9]
Timor creole,Southeast Asia,Portuguese,1769,1960,Commerce,"Tetum, Larantuka Malay",Stops,word-initial,d,d,1,1,[‘dansa],to dance,Baxter1990[11]
Timor creole,Southeast Asia,Portuguese,1769,1960,Commerce,"Tetum, Larantuka Malay",Stops,word-medial,d,d,1,1,[alguˈdaŋ],cotton,Baxter1990[7]
Timor creole,Southeast Asia,Portuguese,1769,1960,Commerce,"Tetum, Larantuka Malay",Stops,word-initial,k,k,1,1,[‘kezu],cheese,Baxter1990[8]
Timor creole,Southeast Asia,Portuguese,1769,1960,Commerce,"Tetum, Larantuka Malay",Stops,word-medial,k,k,1,1,[‘baka],cow,Baxter1990[9]
Timor creole,Southeast Asia,Portuguese,1769,1960,Commerce,"Tetum, Larantuka Malay",Stops,word-initial,g,g,1,1,[gaˈliɲa],chicken,Baxter1990[10]
Timor creole,Southeast Asia,Portuguese,1769,1960,Commerce,"Tetum, Larantuka Malay",Stops,word-medial,g,g,1,1,[baˈriga],belly,Baxter1990[8]
Timor creole,Southeast Asia,Portuguese,1769,1960,Commerce,"Tetum, Larantuka Malay",Fricatives,word-initial,v,b,0,0,[‘baka],cow,Baxter1990[9]
Timor creole,Southeast Asia,Portuguese,1769,1960,Commerce,"Tetum, Larantuka Malay",Fricatives,word-medial,v,b,0,0,[‘nobu],new,Baxter1990[9]
Timor creole,Southeast Asia,Portuguese,1769,1960,Commerce,"Tetum, Larantuka Malay",Fricatives,word-initial,f,f,1,1,[ˈfɛru],iron,Baxter1990[8]
Timor creole,Southeast Asia,Portuguese,1769,1960,Commerce,"Tetum, Larantuka Malay",Fricatives,word-medial,f,f,1,1,[‘bafu],to breathe,Baxter1990[20]
Timor creole,Southeast Asia,Portuguese,1769,1960,Commerce,"Tetum, Larantuka Malay",Fricatives,word-initial,s,s,1,1,[‘suzu],dirty,Baxter1990[8]
Timor creole,Southeast Asia,Portuguese,1769,1960,Commerce,"Tetum, Larantuka Malay",Fricatives,word-medial,s,s,1,1,[‘besu],lip,Baxter1990[9]
Timor creole,Southeast Asia,Portuguese,1769,1960,Commerce,"Tetum, Larantuka Malay",Fricatives,word-initial,z,NA,NA,NA,NA,NA,NA
Timor creole,Southeast Asia,Portuguese,1769,1960,Commerce,"Tetum, Larantuka Malay",Fricatives,word-medial,z,z,1,1,[aˈzeti],oil,Baxter1990[9]
Timor creole,Southeast Asia,Portuguese,1769,1960,Commerce,"Tetum, Larantuka Malay",Fricatives,word-initial,t̠ʃ,t̠ʃ,1,1,[‘t̠ʃɛro],smell,Baxter1990[8]
Timor creole,Southeast Asia,Portuguese,1769,1960,Commerce,"Tetum, Larantuka Malay",Fricatives,word-medial,t̠ʃ,t̠ʃ,1,1,[kaˈt̠ʃoru],dog,Baxter1990[8]
Timor creole,Southeast Asia,Portuguese,1769,1960,Commerce,"Tetum, Larantuka Malay",Fricatives,word-initial,ʒ,d̠ʒ,1,0,[‘d̠ʒenti],"person, people",Baxter1990[8]
Timor creole,Southeast Asia,Portuguese,1769,1960,Commerce,"Tetum, Larantuka Malay",Fricatives,word-medial,ʒ,z,0,1,[‘kezu],cheese,Baxter1990[8]
Timor creole,Southeast Asia,Portuguese,1769,1960,Commerce,"Tetum, Larantuka Malay",Rhotics,word-medial,ɾ,r,1,1,[‘t̠ʃɛro],smell,Baxter1990[8]
Timor creole,Southeast Asia,Portuguese,1769,1960,Commerce,"Tetum, Larantuka Malay",Rhotics,word-final,ɾ,r,1,1,[muˈjεr],woman,Baxter1990[10]
Timor creole,Southeast Asia,Portuguese,1769,1960,Commerce,"Tetum, Larantuka Malay",Rhotics,word-initial,r,r,1,1,[‘ri],to laugh,Baxter1990[21]
Timor creole,Southeast Asia,Portuguese,1769,1960,Commerce,"Tetum, Larantuka Malay",Rhotics,word-medial,r,r,1,1,[baˈriga],belly,Baxter1990[8]
Timor creole,Southeast Asia,Portuguese,1769,1960,Commerce,"Tetum, Larantuka Malay",Laterals,word-initial,l,l,1,1,[ˈleti],milk,Baxter1990[9]
Timor creole,Southeast Asia,Portuguese,1769,1960,Commerce,"Tetum, Larantuka Malay",Laterals,word-medial,l,l,1,1,[gaˈliɲa],chicken,Baxter1990[10]
Timor creole,Southeast Asia,Portuguese,1769,1960,Commerce,"Tetum, Larantuka Malay",Laterals,word-final,l,NA,NA,NA,NA,NA,NA
Timor creole,Southeast Asia,Portuguese,1769,1960,Commerce,"Tetum, Larantuka Malay",Laterals,word-medial,ʎ,j,1,0,[muˈjεr],woman,Baxter1990[10]
Timor creole,Southeast Asia,Portuguese,1769,1960,Commerce,"Tetum, Larantuka Malay",Nasals,word-initial,m,m,1,1,[muˈjεr],woman,Baxter1990[10]
Timor creole,Southeast Asia,Portuguese,1769,1960,Commerce,"Tetum, Larantuka Malay",Nasals,word-medial,m,m,1,1,[amiˈɲaŋ],tomorrow,Baxter1990[18]
Timor creole,Southeast Asia,Portuguese,1769,1960,Commerce,"Tetum, Larantuka Malay",Nasals,word-initial,n,n,1,1,[‘nobu],new,Baxter1990[9]
Timor creole,Southeast Asia,Portuguese,1769,1960,Commerce,"Tetum, Larantuka Malay",Nasals,word-medial,n,n,1,1,[‘karni],meat,Baxter1990[18]
Timor creole,Southeast Asia,Portuguese,1769,1960,Commerce,"Tetum, Larantuka Malay",Nasals,word-medial,ɲ,ɲ,1,1,[gaˈliɲa],chicken,Baxter1990[10]
